Date,Open,High,Low,Close,Volume
2020-09-04,42.05,42.9,40.5,42.65,5111544.5
2020-09-07,40.15,43.45,40.15,42.9,1957101.0
2020-09-08,41.6,43.3,40.6,42.1,4794612.0
2020-09-09,42.1,43.1,41.1,41.65,7179611.0
2020-09-10,41.4,42.05,41.1,41.25,10217863.0
2020-09-11,41.1,41.55,40.0,40.9,6140747.0
2020-09-14,41.5,41.75,40.5,40.65,4201150.0
2020-09-15,40.5,41.0,38.5,39.9,5548841.0
2020-09-16,38.5,41.3,37.75,38.7,10373335.0
2020-09-17,39.4,39.4,36.55,37.55,8244685.5
2020-09-18,37.55,40.0,36.9,38.75,5524953.0
2020-09-21,38.6,39.65,37.5,38.5,3866455.75
2020-09-22,38.6,39.5,37.45,39.45,6359510.0
2020-09-23,39.45,40.55,38.7,39.2,7388292.0
2020-09-24,38.2,40.25,38.2,39.95,11880562.0
2020-09-25,40.5,42.15,38.5,42.1,6020536.5
2020-09-28,42.0,43.0,39.6,40.5,20389006.0
2020-09-29,40.0,40.2,39.1,39.7,14670160.0
2020-09-30,40.0,41.7,39.6,40.05,10445863.0
2020-10-01,40.1,44.0,40.1,43.2,16007819.0
2020-10-02,43.15,43.15,41.5,42.8,7953542.0
2020-10-05,42.95,44.0,42.25,43.45,6546354.0
2020-10-06,43.2,45.4,43.0,44.45,27898112.0
2020-10-07,45.05,46.25,43.95,45.9,21651042.0
2020-10-08,46.2,47.5,45.75,47.15,14069250.0
2020-10-09,47.15,48.4,45.85,48.35,22732540.0
2020-10-13,48.5,50.3,47.2,49.7,29015848.0
2020-10-14,49.45,51.15,48.0,50.95,17153626.0
2020-10-15,50.9,51.85,47.5,50.6,21012246.0
2020-10-16,50.0,51.75,48.0,49.35,18547862.0
2020-10-19,49.0,51.6,48.2,49.1,19895626.0
2020-10-20,49.3,50.2,48.5,49.6,14235379.0
2020-10-21,49.9,51.7,49.9,51.2,17698772.0
2020-10-22,51.0,52.25,50.7,51.9,12844910.0
2020-10-23,52.0,57.3,51.0,56.4,31493296.0
2020-10-26,56.0,56.0,51.0,53.4,18814952.0
2020-10-27,52.0,53.5,47.4,49.1,11471542.0
2020-10-28,47.5,48.8,45.0,46.25,8246899.0
2020-10-29,45.0,50.4,45.0,49.45,8408382.0
2020-10-30,50.05,50.05,47.45,49.0,16483374.0
2020-11-02,50.1,54.5,49.0,53.8,19170298.0
2020-11-03,54.0,58.2,52.1,54.95,28582142.0
2020-11-04,55.95,55.95,53.1,53.5,6910124.0
2020-11-05,55.0,56.05,53.5,55.45,8898550.0
2020-11-06,55.45,56.05,53.5,54.35,8401649.0
2020-11-09,54.6,57.65,54.6,56.45,15698173.0
2020-11-10,56.45,58.0,55.0,56.25,12944076.0
2020-11-11,56.95,57.0,55.65,56.0,10376226.0
2020-11-12,56.0,58.0,53.55,54.05,10495109.0
2020-11-13,55.0,56.5,51.0,52.7,14926201.0
2020-11-16,52.9,57.1,52.0,55.2,14181970.0
2020-11-17,55.5,58.45,54.5,58.3,11018667.0
2020-11-18,58.0,63.3,57.85,60.3,38533896.0
2020-11-19,59.9,61.9,58.0,58.3,13382508.0
2020-11-20,59.3,60.95,57.9,60.0,15401072.0
2020-11-24,60.5,62.5,58.9,59.65,11656892.0
2020-11-25,60.0,62.25,58.45,58.55,8450532.0
2020-11-26,58.55,59.6,57.0,59.15,3617385.5
2020-11-27,59.2,59.75,57.5,58.0,7058634.5
2020-11-30,58.0,59.95,57.6,58.7,9598216.0
2020-12-01,58.7,60.5,58.7,59.15,8071092.5
2020-12-02,58.5,60.2,56.25,58.35,12961859.0
2020-12-03,58.35,59.6,58.3,58.6,6801465.0
2020-12-04,58.65,60.5,58.65,60.0,10925784.0
2020-12-09,60.1,62.45,58.0,58.9,35031612.0
2020-12-10,59.1,60.0,57.0,58.55,10155842.0
2020-12-11,58.05,59.5,57.7,58.5,2129765.5
2020-12-14,57.7,60.0,57.2,58.7,9521429.0
2020-12-15,59.95,59.95,57.2,57.35,10732342.0
2020-12-16,57.0,58.4,55.2,55.3,7995809.5
2020-12-17,55.3,56.0,54.6,55.45,16938088.0
2020-12-18,55.5,57.0,54.6,54.7,14049256.0
2020-12-21,54.45,54.95,51.5,52.5,15431855.0
2020-12-22,52.0,54.75,52.0,54.15,22859794.0
2020-12-23,53.3,56.0,53.25,55.8,20843748.0
2020-12-28,55.85,59.0,55.85,58.3,28131044.0
2020-12-29,60.0,61.7,59.1,60.85,28939460.0
2020-12-30,61.0,68.0,61.0,64.5,81743224.0
2021-01-04,65.5,68.0,63.5,63.75,20497032.0
2021-01-05,62.1,67.05,62.0,65.5,19040486.0
2021-01-06,65.0,70.2,65.0,66.4,27012412.0
2021-01-07,66.4,69.2,65.5,68.95,15786474.0
2021-01-08,69.0,69.95,67.55,67.9,10643647.0
2021-01-11,67.6,70.25,65.05,68.1,23081662.0
2021-01-12,69.0,81.7,69.0,79.65,130369648.0
2021-01-13,81.8,85.0,71.0,79.55,31180170.0
2021-01-14,79.3,82.85,78.5,82.6,28803264.0
2021-01-15,83.5,86.9,80.1,86.6,32947294.0
2021-01-18,86.6,89.8,84.4,89.75,19939170.0
2021-01-19,90.0,96.25,90.0,93.85,61729272.0
2021-01-20,93.85,96.4,86.4,88.0,72418432.0
2021-01-21,87.5,87.5,79.8,80.1,35886200.0
2021-01-22,81.9,81.9,76.35,79.7,13385342.0
2021-01-25,80.0,81.25,75.0,75.95,13915267.0
2021-01-26,75.2,82.0,75.2,81.0,12340818.0
2021-01-27,82.1,83.0,76.9,77.55,18697796.0
2021-01-28,77.65,80.95,74.25,74.45,16177301.0
2021-01-29,74.45,75.5,72.65,73.45,11619849.0
2021-02-01,73.55,79.9,73.55,78.7,14908373.0
2021-02-02,79.9,80.0,78.3,78.5,10000877.0
2021-02-03,79.0,83.85,79.0,81.7,27113298.0
2021-02-04,82.35,83.5,80.0,82.0,14921359.0
2021-02-05,82.0,83.5,79.0,81.5,12456609.0
2021-02-08,80.75,85.85,79.0,84.8,17132690.0
2021-02-09,85.0,86.0,81.1,82.5,16960018.0
2021-02-10,82.5,85.8,82.0,83.8,17993108.0
2021-02-11,83.45,85.0,78.7,80.65,27877016.0
2021-02-12,80.75,81.5,77.6,80.3,13539588.0
2021-02-17,80.5,84.75,80.25,84.0,54209204.0
2021-02-18,83.8,84.65,76.0,76.25,34023580.0
2021-02-19,77.2,79.0,75.5,76.35,27823542.0
2021-02-22,77.0,77.2,73.0,73.05,16659759.0
2021-02-23,73.2,75.0,69.5,73.0,11028127.0
2021-02-24,73.5,77.95,72.8,77.3,28263218.0
2021-02-25,78.0,79.0,75.3,77.1,27285826.0
2021-02-26,78.0,78.5,71.55,76.0,20665902.0
2021-03-01,76.0,76.6,72.2,72.8,18479440.0
2021-03-02,72.75,74.0,71.2,72.0,46859220.0
2021-03-03,73.4,73.4,69.5,71.0,58484424.0
2021-03-04,70.1,71.8,66.5,69.0,55997036.0
2021-03-05,69.0,70.6,66.5,67.9,12092329.0
2021-03-08,68.75,71.5,67.3,70.25,25785112.0
2021-03-09,70.0,71.8,68.35,71.45,21091666.0
2021-03-10,73.0,73.0,69.3,70.75,20456624.0
2021-03-11,71.7,73.5,69.35,72.95,23631314.0
2021-03-12,73.0,73.5,70.1,72.75,23363654.0
2021-03-15,73.0,77.75,71.9,75.55,28682422.0
2021-03-16,75.7,77.5,73.3,74.55,25030342.0
2021-03-17,73.9,74.5,73.1,73.55,12038990.0
2021-03-18,73.55,73.55,70.5,70.6,6382208.0
2021-03-19,70.6,73.0,69.5,72.5,8646199.0
2021-03-22,71.1,73.0,70.5,72.7,17600786.0
2021-03-23,73.0,74.85,70.3,71.15,3747784.25
2021-03-25,70.4,72.0,66.5,69.0,10864028.0
2021-03-26,69.0,72.8,68.55,69.1,11434240.0
2021-03-29,72.55,75.95,72.55,74.0,74911952.0
2021-03-30,76.5,77.0,75.5,76.0,29457796.0
2021-03-31,75.5,77.6,74.0,77.2,36706008.0
2021-04-05,79.0,80.9,78.4,80.95,26163366.0
2021-04-06,82.2,85.95,82.0,85.35,32757880.0
2021-04-07,85.0,88.7,83.1,83.6,20900518.0
2021-04-08,83.6,86.0,83.6,85.15,9335340.0
2021-04-09,87.85,88.5,85.9,87.55,99950784.0
2021-04-12,89.4,90.95,87.1,88.95,97060104.0
2021-04-13,89.5,92.0,84.6,85.15,20855632.0
2021-04-14,85.0,86.9,83.1,83.4,11858471.0
2021-04-15,83.4,86.9,81.5,85.55,9819945.0
2021-04-16,86.0,86.0,84.2,85.4,4230508.0
2021-04-19,85.3,85.4,83.8,85.0,12453608.0
2021-04-20,85.0,85.0,81.6,82.75,9177114.0
2021-04-21,82.0,84.7,81.0,84.5,6624291.5
2021-04-22,82.75,84.75,82.0,83.25,5399722.5
2021-04-23,83.0,84.0,82.35,83.35,6226989.5
2021-04-26,85.0,87.0,85.0,86.35,27159940.0
2021-04-27,88.0,88.0,86.5,87.1,50176324.0
2021-04-28,88.2,89.4,86.2,87.45,17505808.0
2021-04-29,88.0,88.0,85.05,85.65,44217760.0
2021-04-30,85.45,87.25,85.05,86.8,14998124.0
2021-05-03,88.95,88.95,86.8,87.75,36163396.0
2021-05-04,87.45,89.8,84.75,89.6,58048828.0
2021-05-05,89.9,91.5,88.05,89.85,26681802.0
2021-05-06,90.35,95.95,90.0,94.4,74789632.0
2021-05-07,99.0,103.2,97.0,99.05,81078376.0
2021-05-10,102.7,106.0,102.5,104.95,67931816.0
2021-05-11,104.95,108.0,102.0,103.1,31256722.0
2021-05-12,102.5,102.5,98.75,99.5,25056856.0
2021-05-13,99.6,102.0,97.0,99.5,23733552.0
2021-05-14,99.5,106.65,99.5,106.1,20074778.0
2021-05-17,108.2,119.0,108.2,117.85,78725248.0
2021-05-18,117.85,117.85,112.0,112.05,51103112.0
2021-05-19,113.0,113.0,107.3,108.7,27041516.0
2021-05-20,108.7,113.5,108.7,111.7,49017208.0
2021-05-21,111.8,112.0,107.5,108.3,23936800.0
2021-05-26,105.5,106.9,101.0,105.85,17086140.0
2021-05-27,106.0,108.0,101.85,102.05,42681212.0
2021-05-28,103.0,104.15,101.9,102.3,29055830.0
2021-05-31,103.0,103.4,100.3,100.65,23121178.0
2021-06-01,103.5,106.0,103.4,105.4,55667824.0
2021-06-02,106.3,111.0,106.3,110.35,53130828.0
2021-06-03,111.0,116.75,111.0,115.75,70583680.0
2021-06-04,114.5,114.75,109.3,112.2,39816420.0
2021-06-07,112.6,121.0,112.55,120.45,110906056.0
2021-06-08,120.45,120.45,113.9,115.15,98681888.0
2021-06-09,118.65,121.5,117.95,118.6,124657848.0
2021-06-10,119.0,121.8,116.0,116.8,59352924.0
2021-06-11,116.95,116.95,113.0,114.6,69299416.0
2021-06-14,116.25,118.0,114.15,116.9,16022499.0
2021-06-15,116.0,119.0,112.0,114.6,24540780.0
2021-06-16,115.0,115.7,111.5,114.0,25711530.0
2021-06-17,112.5,113.6,106.0,107.95,26515978.0
2021-06-18,107.05,107.05,102.95,105.0,12679412.0
2021-06-22,105.25,105.9,100.0,103.6,23108554.0
2021-06-23,103.7,106.0,103.0,104.3,29111038.0
2021-06-24,105.25,108.5,103.75,103.8,34586232.0
2021-06-25,103.85,103.9,101.4,101.8,39616944.0
2021-06-28,98.0,101.9,97.5,97.65,16264948.0
2021-06-29,97.7,100.9,95.5,99.5,27596560.0
2021-06-30,100.0,101.9,97.3,101.5,21313748.0
2021-07-01,101.7,106.9,101.7,105.6,20364794.0
2021-07-02,106.1,112.6,106.1,112.45,26825966.0
2021-07-05,112.6,116.0,112.6,114.85,11183926.0
2021-07-06,113.95,113.95,108.05,110.1,14590027.0
2021-07-07,111.0,111.0,105.55,109.15,13738743.0
2021-07-08,107.6,113.4,107.6,113.1,11747388.0
2021-07-12,114.15,116.0,113.1,113.15,12699862.0
2021-07-13,114.75,115.0,112.0,114.95,32026726.0
2021-07-14,115.05,116.5,111.3,112.5,14475774.0
2021-07-15,113.5,113.5,110.2,111.65,4876556.0
2021-07-16,110.4,111.8,110.0,110.2,3342082.75
2021-07-19,107.0,107.0,101.5,102.95,30632106.0
2021-07-20,103.55,109.0,103.5,108.3,15764210.0
2021-07-21,108.7,113.5,108.7,113.25,9511801.0
2021-07-22,114.55,116.9,113.55,116.3,29725326.0
2021-07-23,116.3,116.3,113.5,113.75,6823251.5
2021-07-26,115.4,116.4,113.8,114.0,8152503.0
2021-07-27,114.0,114.0,110.35,110.65,10727173.0
2021-07-28,113.6,114.05,110.6,113.8,20578894.0
2021-07-29,114.55,115.9,114.0,115.5,17218086.0
2021-07-30,115.7,116.4,112.0,112.25,8370800.5
2021-08-02,112.25,114.95,112.25,114.55,17872538.0
2021-08-03,115.0,115.0,110.5,111.7,6543332.0
2021-08-04,112.9,112.9,109.05,110.35,6543610.0
2021-08-05,112.0,112.5,110.15,110.2,11386151.0
2021-08-06,110.1,110.4,107.1,108.8,16186868.0
2021-08-09,108.0,110.5,105.5,105.65,6047448.5
2021-08-10,105.8,108.7,105.1,107.0,8806618.0
2021-08-11,107.1,107.65,104.5,105.9,13895013.0
2021-08-12,103.85,108.5,103.0,105.95,26424798.0
2021-08-13,107.0,107.45,104.0,105.9,3697129.75
2021-08-17,105.6,105.6,99.2,100.95,30282376.0
2021-08-18,100.95,101.9,97.0,97.75,17334796.0
2021-08-19,97.9,97.95,92.8,93.75,29757898.0
2021-08-20,95.0,97.0,95.0,96.25,19365260.0
2021-08-23,98.0,98.55,95.9,96.65,20896530.0
2021-08-24,97.5,100.55,97.5,99.15,27436454.0
2021-08-25,99.9,99.95,96.9,98.6,24266772.0
2021-08-26,98.6,100.5,97.3,98.65,26620182.0
2021-08-27,98.65,102.4,98.65,101.85,24547242.0
2021-08-30,101.9,106.3,100.05,105.65,40012344.0
2021-08-31,105.95,105.95,102.55,103.95,38451472.0
2021-09-01,103.6,105.9,101.05,101.45,15171021.0
2021-09-02,102.25,104.75,101.75,103.25,9918405.0
2021-09-03,103.2,103.2,100.1,100.7,12917894.0
2021-09-06,102.8,102.8,99.0,101.1,5557180.0
2021-09-07,101.5,107.0,101.15,106.2,31508984.0
2021-09-08,104.2,105.0,100.1,102.85,35803736.0
2021-09-09,102.85,103.75,100.8,101.4,11371952.0
2021-09-10,101.4,101.6,96.2,98.65,26196088.0
2021-09-13,105.55,105.6,98.9,101.5,58108748.0
2021-09-14,103.0,103.0,96.2,98.8,29816268.0
2021-09-15,100.4,102.7,96.9,98.6,22278658.0
2021-09-16,97.0,100.0,96.55,99.75,22965110.0
2021-09-17,100.6,101.3,95.3,95.6,23652966.0
2021-09-20,93.0,93.0,88.8,89.35,43030020.0
2021-09-21,90.2,93.0,90.1,91.0,8201337.5
2021-09-22,91.5,95.4,91.5,95.0,35284188.0
2021-09-23,97.4,97.95,95.05,97.4,24520850.0
2021-09-24,96.05,97.3,95.0,95.7,12508394.0
2021-09-27,96.0,98.15,95.0,98.0,11470957.0
2021-09-28,99.0,100.0,96.3,97.75,8358423.0
2021-09-29,97.95,98.65,94.0,96.25,16348751.0
2021-09-30,98.0,98.0,94.4,94.85,11974688.0
2021-10-01,95.0,98.05,95.0,96.2,5666245.0
2021-10-04,97.8,100.3,96.3,100.2,24711758.0
2021-10-05,100.0,101.0,98.05,100.25,56277704.0
2021-10-06,97.85,98.7,96.0,98.1,21320912.0
2021-10-07,97.4,98.0,95.0,97.9,24400416.0
2021-10-12,98.0,104.0,98.0,100.95,14457031.0
2021-10-13,99.8,100.1,97.0,99.55,6627341.5
2021-10-14,99.75,105.2,99.75,105.0,41025172.0
2021-10-15,106.2,108.0,106.2,107.95,32487342.0
2021-10-18,107.25,111.0,107.25,110.8,31206236.0
2021-10-19,111.0,112.0,109.0,111.7,26705612.0
2021-10-20,110.0,115.5,109.1,114.2,27393342.0
2021-10-21,114.2,115.2,111.9,114.75,31572542.0
2021-10-22,113.0,114.1,111.0,113.0,15176323.0
2021-10-25,113.0,114.5,111.9,112.5,18536466.0
2021-10-26,112.8,113.6,111.05,112.1,16945544.0
2021-10-27,110.05,113.95,109.9,110.0,25813634.0
2021-10-28,113.5,113.5,110.9,113.1,10098239.0
2021-10-29,112.0,114.0,107.9,108.5,24301634.0
2021-11-01,109.35,114.5,109.35,114.05,13416107.0
2021-11-02,114.0,114.7,111.55,113.1,13800210.0
2021-11-03,114.0,115.95,111.0,113.05,16132007.0
2021-11-04,113.9,113.9,111.35,112.35,19666846.0
2021-11-05,112.05,114.25,110.4,113.75,8493915.0
2021-11-08,113.75,115.5,111.25,113.15,30294012.0
2021-11-09,112.7,115.0,110.0,111.65,11846272.0
2021-11-10,111.9,112.8,107.0,108.55,12212150.0
2021-11-11,108.0,111.6,108.0,110.05,8694904.0
2021-11-12,109.5,112.0,108.5,111.05,20359822.0
2021-11-15,111.0,113.8,106.6,107.75,12568671.0
2021-11-16,107.75,109.0,102.0,107.7,10169677.0
2021-11-17,109.0,110.0,105.0,106.6,15219887.0
2021-11-18,105.5,107.0,101.6,106.1,14267982.0
2021-11-19,106.0,108.9,101.1,101.35,17245350.0
2021-11-23,100.0,101.95,93.6,99.5,14995384.0
2021-11-24,101.0,103.3,98.5,99.85,10414309.0
2021-11-25,101.0,104.5,99.1,103.4,2242903.25
2021-11-26,102.0,102.0,94.5,98.1,24525762.0
2021-11-29,98.1,100.0,95.05,97.45,5185583.5
2021-11-30,97.0,97.0,92.65,94.8,7030920.5
2021-12-01,93.3,103.0,93.3,102.55,29945496.0
2021-12-02,104.0,107.8,101.0,103.15,6250870.0
2021-12-03,105.0,105.5,100.65,101.25,6484920.5
2021-12-06,101.25,106.5,100.5,106.45,9932088.0
2021-12-07,107.0,108.6,105.6,106.3,6053727.5
2021-12-09,106.5,109.75,104.0,105.6,8557700.0
2021-12-10,105.0,107.0,104.05,106.45,6264401.5
2021-12-13,107.0,107.0,100.25,101.7,6635320.5
2021-12-14,102.0,103.0,97.6,98.7,16028341.0
2021-12-15,98.7,99.3,93.7,94.95,22542678.0
2021-12-16,95.1,97.1,95.1,95.95,18812018.0
2021-12-17,96.95,100.0,93.6,99.25,11668190.0
2021-12-20,99.6,101.5,95.05,97.1,14815524.0
2021-12-21,97.0,100.4,97.0,98.25,7115069.0
2021-12-22,97.0,100.0,97.0,100.4,3230606.75
2021-12-23,100.0,102.95,99.1,100.5,6850496.0
2021-12-27,102.9,104.0,94.5,94.8,36382528.0
2021-12-28,95.0,96.85,93.9,95.55,8732011.0
2021-12-29,95.5,97.1,94.5,94.8,17035832.0
2021-12-30,96.2,98.55,95.1,98.35,23076884.0
2022-01-03,98.0,101.0,96.4,100.2,7457965.0
2022-01-04,99.0,100.95,99.0,99.5,2866499.25
2022-01-05,99.6,101.4,96.7,97.25,4579618.0
2022-01-06,97.25,99.0,95.2,96.4,2780982.0
2022-01-07,96.2,99.85,96.0,97.85,2865460.75
2022-01-10,99.0,99.5,97.3,98.7,2277724.25
2022-01-11,99.0,100.0,97.1,99.2,4441941.5
2022-01-12,99.2,100.8,98.0,100.55,4575533.5
2022-01-13,99.05,104.5,99.0,102.35,6053131.0
2022-01-14,103.0,104.0,100.0,101.75,5910647.0
2022-01-17,101.5,101.5,97.6,101.0,1763011.88
2022-01-18,100.0,103.4,98.05,101.8,15723293.0
2022-01-19,102.0,104.5,99.1,104.35,11074749.0
2022-01-20,103.8,111.0,102.05,109.0,33773548.0
2022-01-21,108.0,109.5,103.05,106.25,14570136.0
2022-01-24,106.0,106.25,101.25,104.45,12645518.0
2022-01-25,103.1,112.0,103.1,111.85,15248239.0
2022-01-26,109.5,113.0,109.0,112.1,19548666.0
2022-01-27,110.0,113.3,109.1,110.6,3555142.25
2022-01-28,110.8,114.0,108.0,111.9,18032432.0
2022-01-31,111.0,113.95,110.15,113.35,11819643.0
2022-02-01,113.3,114.4,108.55,111.9,12155488.0
2022-02-02,112.5,113.0,108.05,109.6,6318344.0
2022-02-03,109.9,111.5,107.0,110.55,10495771.0
2022-02-04,108.0,111.55,108.0,111.3,6616873.0
2022-02-07,111.0,114.8,108.55,113.85,6611782.5
2022-02-08,114.0,115.3,112.3,112.8,10994141.0
2022-02-09,113.0,116.0,111.5,115.6,9891845.0
2022-02-10,115.1,121.2,112.1,120.1,18851604.0
2022-02-11,120.0,120.0,113.5,117.7,14422003.0
2022-02-14,120.5,120.5,113.5,116.85,11679743.0
2022-02-15,119.85,121.5,117.6,119.65,22663072.0
2022-02-16,117.2,121.5,117.2,120.7,8659117.0
2022-02-17,121.4,123.3,119.55,121.85,21872852.0
2022-02-18,121.0,122.0,115.1,120.35,7337394.0
2022-02-21,120.0,122.0,116.75,119.5,4867913.0
2022-02-22,119.0,120.95,114.05,117.75,37846880.0
2022-02-23,120.0,120.95,118.5,120.0,14577027.0
2022-02-24,119.95,120.0,115.0,120.05,14929401.0
2022-02-25,120.9,128.0,120.1,127.1,28690072.0
2022-03-02,131.35,135.75,130.0,135.55,25893016.0
2022-03-03,138.0,145.0,135.05,144.6,79731504.0
2022-03-04,146.3,168.5,146.3,166.6,152129856.0
2022-03-07,173.1,185.5,154.5,159.05,91345656.0
2022-03-08,161.0,162.9,145.5,149.2,41273984.0
2022-03-09,148.7,152.5,140.2,140.6,40192560.0
2022-03-10,140.0,151.0,135.0,150.35,30289640.0
2022-03-11,154.9,158.0,148.0,152.8,19889486.0
2022-03-14,147.95,148.75,138.85,139.4,22637912.0
2022-03-15,143.0,143.0,132.0,134.95,20012262.0
2022-03-16,135.1,142.0,132.0,140.05,12940864.0
2022-03-17,145.95,152.5,141.3,150.1,22022582.0
2022-03-18,150.3,154.2,149.3,150.85,20818770.0
2022-03-21,150.2,158.4,150.0,155.15,24477496.0
2022-03-22,156.95,156.95,149.8,153.05,32711956.0
2022-03-23,153.0,155.95,150.55,153.4,7994793.0
2022-03-25,161.05,168.0,159.0,167.2,66878552.0
2022-03-28,168.65,168.65,163.05,163.5,12198465.0
2022-03-29,159.8,159.8,150.9,152.6,27786336.0
2022-03-30,153.95,156.35,152.7,154.95,16673978.0
2022-03-31,156.05,159.8,154.9,156.45,15933358.0
2022-04-01,156.45,160.0,153.8,157.65,30448662.0
2022-04-04,160.9,160.9,152.5,154.1,13392819.0
2022-04-05,153.15,156.0,148.0,150.0,13605696.0
2022-04-06,147.25,151.3,142.65,148.7,9682578.0
2022-04-07,149.2,152.25,145.0,151.5,5412895.0
2022-04-08,153.0,161.45,152.5,158.55,60480864.0
2022-04-11,158.55,165.0,153.45,156.3,32130510.0
2022-04-12,158.55,160.7,155.85,157.45,11446378.0
2022-04-13,160.0,171.0,158.0,170.8,74534304.0
2022-04-18,175.1,182.0,173.15,177.85,74404432.0
2022-04-19,177.0,184.0,170.75,173.7,38300832.0
2022-04-20,171.0,188.35,171.0,187.35,59960088.0
2022-04-21,185.95,190.7,178.1,178.65,54305080.0
2022-04-22,184.95,185.7,173.5,174.4,20798492.0
2022-04-25,172.95,172.95,164.0,170.35,33222060.0
2022-04-26,168.9,174.5,165.0,170.1,20376840.0
2022-04-27,175.2,177.0,168.0,168.4,20028372.0
2022-04-28,168.0,171.7,166.5,167.95,23040810.0
2022-04-29,170.0,173.6,161.2,161.55,19947056.0
2022-05-02,160.5,162.0,151.0,153.5,36534840.0
2022-05-03,154.0,157.25,153.5,154.7,58818700.0
2022-05-04,152.1,153.4,147.0,150.0,42608996.0
2022-05-05,149.9,152.0,142.65,143.15,41859196.0
2022-05-06,139.0,143.0,135.75,140.3,26472114.0
2022-05-09,133.3,134.4,126.0,126.0,56459804.0
2022-05-10,130.0,130.0,122.6,129.25,55615216.0
2022-05-11,130.5,135.5,127.0,128.0,46450972.0
2022-05-12,125.0,129.4,123.3,125.5,13572589.0
2022-05-13,125.0,136.0,125.0,135.45,57488804.0
2022-05-16,142.0,143.0,138.25,142.2,58767304.0
2022-05-17,145.0,147.75,142.15,142.75,22881840.0
2022-05-19,139.45,139.5,134.0,134.8,17067008.0
2022-05-20,137.5,137.5,128.5,132.0,17094460.0
2022-05-23,133.0,141.85,130.0,140.2,10345187.0
2022-05-24,142.5,145.0,139.15,142.7,41050972.0
2022-05-26,146.0,153.95,146.0,152.25,51422636.0
2022-05-27,155.0,158.0,152.55,156.35,34312008.0
2022-05-30,157.95,157.95,151.15,151.85,16141048.0
2022-05-31,153.0,154.0,145.0,146.85,66833744.0
2022-06-01,146.75,149.0,142.85,143.05,29868714.0
2022-06-02,144.5,148.5,142.1,146.45,11785789.0
2022-06-03,148.0,148.9,143.0,145.65,5750092.0
2022-06-06,145.75,145.75,138.0,140.1,31888906.0
2022-06-07,139.4,143.55,136.75,142.65,12867319.0
2022-06-08,144.5,144.5,134.0,135.35,30095194.0
2022-06-09,136.0,136.0,129.2,131.75,69704872.0
2022-06-10,131.75,135.0,129.0,131.5,139873008.0
2022-06-13,126.5,131.45,125.0,125.9,60435212.0
2022-06-14,128.1,129.9,123.0,125.15,20099212.0
2022-06-15,128.75,134.25,128.55,132.8,23128878.0
2022-06-16,130.45,130.45,126.3,126.55,17194398.0
2022-06-21,125.55,126.0,121.75,123.4,24693268.0
2022-06-22,120.0,123.7,119.0,121.45,40603300.0
2022-06-23,121.0,123.0,114.0,117.25,46866828.0
2022-06-24,122.05,125.0,119.1,121.7,38984504.0
2022-06-27,123.0,128.0,122.5,126.7,55608308.0
2022-06-28,130.0,132.0,125.15,130.0,18629360.0
2022-06-29,130.45,131.0,125.0,126.85,16505158.0
2022-06-30,125.0,130.25,125.0,128.4,43370636.0
2022-07-01,128.25,129.75,121.0,126.55,26751860.0
2022-07-04,119.1,124.95,119.1,122.85,32734452.0
2022-07-05,123.4,130.0,121.0,128.9,52083504.0
2022-07-06,129.0,129.9,124.2,127.45,41397496.0
2022-07-07,127.5,140.3,127.5,139.9,53015180.0
2022-07-08,140.0,143.5,137.0,140.5,25628500.0
2022-07-11,141.9,141.9,134.7,134.9,16215818.0
2022-07-12,132.75,136.95,130.0,132.65,20623138.0
2022-07-13,132.0,133.95,130.45,132.4,20167920.0
2022-07-14,129.05,130.4,126.0,127.9,26286234.0
2022-07-15,127.0,134.5,127.0,132.5,10368265.0
2022-07-18,137.5,139.5,135.0,137.45,12869633.0
2022-07-19,139.5,145.95,139.1,145.2,31549902.0
2022-07-20,145.25,148.1,141.2,146.85,29266560.0
2022-07-21,147.75,152.85,143.4,149.4,63192860.0
2022-07-22,150.0,155.7,147.0,153.8,62440264.0
2022-07-25,156.85,167.6,156.0,164.9,175938720.0
2022-07-26,166.95,176.25,165.75,174.9,179868256.0
2022-07-27,175.0,185.5,169.5,183.5,198425408.0
2022-07-28,188.0,190.0,176.5,181.1,148888944.0
2022-07-29,181.0,183.0,165.0,168.85,135392032.0
2022-08-01,169.0,169.0,157.2,160.3,90753096.0
2022-08-02,160.0,173.0,155.0,170.95,167926672.0
2022-08-03,173.0,179.0,169.0,177.2,91421024.0
2022-08-04,179.5,180.1,173.0,178.25,78834320.0
2022-08-05,181.0,181.0,176.1,178.0,107390544.0
2022-08-08,177.0,181.4,176.1,178.35,93532392.0
2022-08-09,178.9,179.55,170.2,170.55,81766872.0
2022-08-10,174.8,174.8,167.15,170.0,67202048.0
2022-08-11,171.1,177.0,169.5,174.2,56636716.0
2022-08-12,177.0,181.0,174.0,179.3,76578248.0
2022-08-16,178.35,178.65,174.15,176.6,50427912.0
2022-08-17,175.0,176.0,172.0,174.05,31877308.0
2022-08-18,176.0,186.0,176.0,185.85,41377328.0
2022-08-19,181.0,183.0,177.0,181.05,58666284.0
2022-08-22,182.0,182.0,174.2,177.05,38426344.0
2022-08-23,180.0,188.0,174.0,187.1,38490632.0
2022-08-24,187.15,200.0,185.1,197.5,72994328.0
2022-08-25,200.0,210.0,197.0,207.9,126826688.0
2022-08-26,208.0,208.0,192.4,195.3,86657736.0
2022-08-29,196.6,201.0,194.0,199.25,51255828.0
2022-08-30,193.0,194.0,186.65,187.45,47481348.0
2022-08-31,188.0,190.25,183.0,185.15,39519184.0
2022-09-01,185.0,187.15,179.85,181.9,38615204.0
2022-09-02,185.0,187.15,179.85,181.9,0.0
2022-09-05,182.1,197.75,182.1,196.65,34802100.0
2022-09-06,186.85,186.85,179.5,182.05,85383448.0
2022-09-07,180.0,183.95,178.75,183.35,39659056.0
2022-09-08,183.2,185.5,178.0,178.35,21601238.0
2022-09-09,179.0,188.1,179.0,187.35,44605204.0
2022-09-12,188.8,191.5,183.0,184.45,22670516.0
2022-09-13,184.0,184.0,173.55,175.45,33801524.0
2022-09-14,177.0,180.4,173.6,179.9,13025649.0
2022-09-15,179.5,180.5,173.0,175.05,34452040.0
2022-09-16,175.0,177.25,173.0,174.0,25257748.0
2022-09-19,178.75,187.0,177.85,186.4,67842464.0
2022-09-20,185.9,185.9,179.0,180.25,16589586.0
2022-09-21,180.5,180.5,175.0,175.4,10265350.0
2022-09-22,176.0,183.55,175.4,183.0,15309468.0
2022-09-23,176.0,177.0,171.25,172.25,29535344.0
2022-09-26,171.6,175.0,164.25,165.25,18409128.0
2022-09-27,167.0,172.75,163.0,166.0,54864108.0
2022-09-28,166.1,171.5,163.15,171.15,14747130.0
2022-09-29,166.0,169.0,165.4,166.7,13725791.0
2022-09-30,168.0,171.5,158.0,169.85,26381432.0
2022-10-03,170.0,176.5,170.0,174.0,32928062.0
2022-10-04,175.0,180.6,174.65,175.7,43019968.0
2022-10-05,178.0,178.0,170.65,174.5,16489609.0
2022-10-06,174.75,175.0,166.5,166.55,30234246.0
2022-10-11,167.0,169.5,157.55,159.05,34178196.0
2022-10-12,159.0,162.5,155.05,162.05,27485166.0
2022-10-13,161.4,170.0,158.5,167.3,20845650.0
2022-10-14,167.0,169.65,158.75,162.85,18450872.0
2022-10-17,162.05,169.0,162.05,167.45,15523891.0
2022-10-18,167.4,168.35,162.0,162.4,11761978.0
2022-10-19,162.0,164.25,156.3,157.0,17257308.0
2022-10-20,157.1,162.0,152.0,154.55,16564662.0
2022-10-21,153.5,160.0,153.1,159.9,11908268.0
2022-10-24,159.9,159.9,154.8,155.65,14167104.0
2022-10-25,155.5,161.3,155.5,160.45,13750548.0
2022-10-26,161.0,165.0,160.45,162.65,21069736.0
2022-10-27,162.0,163.0,158.1,159.4,26350026.0
2022-10-28,159.4,161.95,157.0,159.45,4740473.0
2022-10-31,162.0,165.4,160.25,163.0,23256040.0
2022-11-01,163.0,166.35,162.0,163.85,8701415.0
2022-11-02,165.3,165.5,158.9,159.8,14742516.0
2022-11-03,159.8,165.65,158.4,163.1,27878906.0
2022-11-04,166.0,173.2,166.0,169.75,41136872.0
2022-11-07,170.0,175.3,170.0,170.2,53663912.0
2022-11-08,172.0,174.5,168.5,174.3,27411662.0
2022-11-09,171.15,172.65,152.75,156.3,35234600.0
2022-11-10,158.0,167.0,155.0,159.85,32509340.0
2022-11-11,159.75,171.95,159.0,167.15,30659000.0
2022-11-14,166.7,178.5,165.5,172.65,32308046.0
2022-11-15,174.0,176.75,171.0,172.3,52832236.0
2022-11-16,172.0,175.8,168.0,168.75,27513736.0
2022-11-17,168.7,173.95,168.0,173.05,32620750.0
2022-11-18,173.0,177.95,170.0,173.2,26004904.0
2022-11-22,173.3,178.0,170.0,175.85,83674992.0
2022-11-23,176.0,185.0,173.5,181.25,87604192.0
2022-11-24,181.7,190.0,180.0,187.1,21504324.0
2022-11-25,189.0,191.25,187.0,190.65,41454828.0
2022-11-28,190.5,192.0,184.0,185.75,63040680.0
2022-11-29,190.0,192.0,186.5,190.1,50198284.0
2022-11-30,191.0,194.45,188.0,194.5,44604612.0
2022-12-01,195.0,198.75,194.0,197.6,74549944.0
2022-12-02,198.0,200.75,194.9,195.75,70148208.0
2022-12-05,197.0,200.0,188.5,188.55,55362476.0
2022-12-06,189.0,192.45,183.0,190.05,44279956.0
2022-12-07,191.0,194.85,188.9,194.8,44148188.0
2022-12-12,190.0,193.0,184.0,192.2,71560592.0
2022-12-13,192.25,199.5,190.5,191.8,91229592.0
2022-12-14,190.2,198.8,190.2,195.55,55219096.0
2022-12-15,196.0,197.95,194.05,194.6,48098380.0
2022-12-16,196.0,203.0,192.2,201.55,95661432.0
2022-12-19,202.75,205.0,198.25,202.9,68537248.0
2022-12-20,203.3,207.0,202.0,206.4,5693357.0
2022-12-21,207.5,209.0,204.0,204.85,58397504.0
2022-12-22,208.75,208.75,202.8,204.25,49696516.0
2022-12-23,205.0,208.6,203.9,207.2,29749708.0
2022-12-26,205.5,209.0,205.25,208.75,18084342.0
2022-12-27,209.7,225.8,207.0,222.6,69086792.0
2022-12-28,223.05,234.0,223.05,233.0,59119092.0
2022-12-29,233.7,241.0,224.0,224.85,51247488.0
2022-12-30,224.8,235.0,222.0,230.25,36020592.0
2023-01-02,236.0,242.5,231.0,236.5,20868074.0
2023-01-03,236.0,242.75,212.75,219.25,51247056.0
2023-01-04,218.0,231.5,214.0,227.8,27462614.0
2023-01-05,227.0,237.4,225.0,230.95,84758672.0
2023-01-06,235.0,238.5,233.95,237.45,27115382.0
2023-01-09,242.0,245.0,232.9,233.5,20041996.0
2023-01-10,233.3,239.0,229.0,229.0,20400496.0
2023-01-11,229.0,236.0,227.0,232.45,37463828.0
2023-01-12,232.0,238.0,228.75,237.25,42370584.0
2023-01-13,238.0,247.5,227.35,241.2,94326264.0
2023-01-16,243.5,265.0,242.0,249.8,61206016.0
2023-01-17,250.0,270.0,250.0,266.0,158738368.0
2023-01-18,266.25,290.0,235.0,236.8,144183328.0
2023-01-19,236.75,247.0,230.05,242.65,123913096.0
2023-01-20,241.5,260.0,240.1,247.7,154152736.0
2023-01-23,252.0,259.25,245.5,251.5,145803504.0
2023-01-24,252.0,256.95,248.0,256.15,55110592.0
2023-01-25,262.5,262.5,248.6,257.7,52237408.0
2023-01-26,262.0,271.7,259.0,267.95,100036840.0
2023-01-27,271.3,276.0,265.25,266.0,116155432.0
2023-01-30,267.0,274.0,252.0,252.6,39651052.0
2023-01-31,252.0,259.9,250.8,253.7,26856244.0
2023-02-01,255.0,260.95,248.0,259.8,28095884.0
2023-02-02,265.8,265.8,250.0,250.45,44623176.0
2023-02-03,250.0,253.5,241.0,243.5,16700056.0
2023-02-06,240.5,248.85,235.0,236.45,37062172.0
2023-02-07,235.5,243.5,235.5,239.7,36548632.0
2023-02-08,237.5,243.0,234.0,239.1,30649276.0
2023-02-09,244.95,245.0,230.0,230.65,77195528.0
2023-02-10,233.0,236.95,224.25,235.75,41156564.0
2023-02-13,240.0,256.0,236.0,255.4,133892400.0
2023-02-14,259.0,265.5,256.0,263.2,116658280.0
2023-02-15,264.7,267.5,259.0,259.0,124414088.0
2023-02-16,260.0,260.55,253.55,258.25,63163280.0
2023-02-17,259.0,264.9,251.05,256.75,75795256.0
2023-02-22,263.0,263.0,254.0,258.05,78159928.0
2023-02-23,264.0,277.0,260.0,269.8,149264384.0
2023-02-24,276.05,283.0,267.1,268.05,145832688.0
2023-02-27,275.0,292.0,274.0,285.75,272063872.0
2023-02-28,291.5,292.0,280.45,283.1,155521472.0
2023-03-01,287.0,292.0,283.6,291.6,87349064.0
2023-03-02,291.5,292.5,274.0,276.0,138848384.0
2023-03-03,276.5,287.5,276.5,280.0,126573728.0
2023-03-06,281.0,293.45,278.5,290.15,78218040.0
2023-03-07,290.15,295.95,282.0,288.25,145390768.0
2023-03-08,290.0,294.0,285.0,289.5,117757184.0
2023-03-09,294.0,294.0,272.6,276.8,126428208.0
2023-03-10,270.3,278.9,266.15,267.9,98303512.0
2023-03-13,260.0,268.45,257.95,260.7,88815832.0
2023-03-14,266.45,273.35,261.2,263.9,112668160.0
2023-03-15,259.0,259.0,251.0,255.95,92760264.0
2023-03-16,256.5,265.45,253.3,264.95,102802024.0
2023-03-17,255.0,267.0,255.0,262.1,77266616.0
2023-03-20,262.0,265.55,256.0,264.75,101407808.0
2023-03-21,264.75,270.95,260.0,260.3,144089328.0
2023-03-22,260.0,261.45,244.3,244.85,101596216.0
2023-03-23,246.0,248.0,229.0,232.05,90163976.0
2023-03-27,233.0,249.4,232.0,245.8,30286646.0
2023-03-28,241.55,252.9,241.55,248.85,39450876.0
2023-03-29,250.6,256.75,250.0,253.5,44230504.0
2023-03-30,254.5,256.95,250.0,253.2,53150204.0
2023-03-31,252.15,259.55,251.5,258.3,81291688.0
2023-04-03,256.0,269.05,254.05,268.45,74380608.0
2023-04-04,270.0,273.95,265.0,269.65,120495824.0
2023-04-05,269.0,269.0,253.4,259.85,227527072.0
2023-04-10,260.55,263.0,255.0,261.65,34036948.0
2023-04-11,262.0,267.0,260.0,261.75,30808596.0
2023-04-12,265.0,278.5,261.0,274.15,101220352.0
2023-04-13,278.0,284.4,274.4,280.5,37217360.0
2023-04-14,281.0,286.5,278.0,284.95,118810496.0
2023-04-17,285.5,288.0,277.0,285.8,105884632.0
2023-04-18,288.0,291.45,280.9,284.2,106355824.0
2023-04-19,284.2,284.2,272.0,275.2,67457952.0
2023-04-20,271.55,281.85,271.2,279.0,90205448.0
2023-04-21,277.0,288.9,277.0,288.5,49513252.0
2023-04-24,292.0,305.0,285.9,301.05,135105056.0
2023-04-25,302.0,315.0,295.15,297.0,61331592.0
2023-04-26,299.0,299.0,283.05,298.05,98583840.0
2023-04-27,302.0,302.0,286.0,286.05,29936774.0
2023-04-28,290.0,290.0,274.9,278.95,165717280.0
2023-05-02,290.0,290.0,270.0,278.75,59265968.0
2023-05-03,280.0,280.0,265.0,267.35,88269232.0
2023-05-04,264.0,269.95,253.4,260.3,91440488.0
2023-05-05,261.1,284.05,261.1,281.2,86638808.0
2023-05-08,288.0,290.0,280.0,285.25,102495504.0
2023-05-09,285.25,287.55,265.0,273.75,124945232.0
2023-05-10,275.0,276.0,270.0,272.45,109354784.0
2023-05-11,275.0,275.4,265.15,267.0,97690352.0
2023-05-12,277.0,277.0,264.8,274.0,220615552.0
2023-05-15,275.0,283.0,268.5,281.75,88970448.0
2023-05-16,285.0,289.8,281.0,287.45,134189304.0
2023-05-17,287.45,300.6,285.0,297.5,131449400.0
2023-05-18,297.5,305.0,293.15,300.6,59110796.0
2023-05-19,300.0,320.0,293.0,315.3,227802832.0
2023-05-22,317.0,328.65,309.3,321.15,232142048.0
2023-05-23,321.0,331.0,321.0,329.7,52748844.0
2023-05-24,331.0,331.0,315.9,325.5,31087480.0
2023-05-29,332.5,349.0,326.0,340.35,51562688.0
2023-05-30,330.0,331.0,322.0,323.55,108524208.0
2023-05-31,327.0,327.0,308.5,311.75,121366856.0
2023-06-01,314.5,325.0,313.0,323.65,76179928.0
2023-06-02,329.95,333.9,325.5,332.65,55090844.0
2023-06-05,335.5,345.0,330.5,339.3,63750332.0
2023-06-06,349.0,361.0,342.6,357.65,318434240.0
2023-06-07,362.0,364.85,349.05,351.95,51077132.0
2023-06-08,353.0,357.45,345.0,352.15,45216196.0
2023-06-09,360.0,360.0,345.0,351.0,43418496.0
2023-06-12,345.0,361.0,345.0,354.2,55300848.0
2023-06-13,364.0,364.0,352.0,354.25,64947204.0
2023-06-14,364.0,364.0,350.0,352.95,30607584.0
2023-06-15,352.0,366.0,352.0,362.95,67417488.0
2023-06-16,366.0,380.0,361.0,376.75,108293624.0
2023-06-21,395.55,469.05,395.55,425.75,361863264.0
2023-06-22,420.0,434.75,412.9,423.45,64514100.0
2023-06-23,420.0,439.95,412.35,429.2,104713024.0
2023-06-26,436.5,458.0,420.0,430.65,114182128.0
2023-06-27,444.0,444.0,408.15,410.95,90675232.0
2023-06-28,418.5,425.0,390.0,392.3,515478112.0
2023-06-29,397.0,402.55,386.2,395.45,234406752.0
2023-06-30,400.0,405.0,381.0,401.3,187139200.0
2023-07-03,405.0,412.0,392.0,402.05,139929376.0
2023-07-04,406.85,424.0,405.1,420.75,69436608.0
2023-07-05,420.0,430.0,402.0,415.9,137260992.0
2023-07-06,409.5,409.5,387.0,394.35,148365648.0
2023-07-07,401.05,415.0,401.05,413.85,105238416.0
2023-07-10,413.85,420.0,400.0,404.35,53986976.0
2023-07-11,404.35,409.95,397.3,400.2,46797084.0
2023-07-12,405.0,419.0,397.1,405.1,51877116.0
2023-07-13,415.0,430.0,408.3,429.45,114955296.0
2023-07-14,421.5,429.5,410.0,424.25,73806672.0
2023-07-17,431.55,444.05,429.25,438.1,112012720.0
2023-07-18,438.1,444.05,428.15,434.45,110576304.0
2023-07-19,436.0,440.8,415.2,420.5,123823040.0
2023-07-20,429.5,430.0,420.0,428.35,81616032.0
2023-07-21,428.45,449.35,421.0,438.05,224698480.0
2023-07-24,440.0,449.8,437.15,441.3,50536936.0
2023-07-25,450.0,451.0,442.25,443.95,57287512.0
2023-07-26,448.05,448.05,435.0,444.1,63550908.0
2023-07-27,451.5,451.5,428.0,433.55,46052156.0
2023-07-28,437.0,450.0,435.75,446.0,97496168.0
2023-07-31,450.0,455.0,432.75,433.9,94147840.0
2023-08-01,438.5,439.5,433.9,438.05,91170208.0
2023-08-02,438.0,439.95,423.95,425.75,170144832.0
2023-08-03,425.0,437.0,416.6,418.9,145733600.0
2023-08-04,425.0,433.85,417.0,420.05,166751168.0
2023-08-07,420.5,435.0,416.05,422.7,217516880.0
2023-08-08,425.5,445.5,424.45,437.2,254874784.0
2023-08-09,442.0,445.95,425.0,427.45,169731152.0
2023-08-10,428.0,448.8,428.0,436.75,177981392.0
2023-08-11,441.0,450.0,439.0,444.1,107185608.0
2023-08-14,455.0,516.95,445.0,486.2,249887088.0
2023-08-15,486.2,518.0,486.2,515.7,259510144.0
2023-08-16,530.05,560.0,518.0,556.2,237854560.0
2023-08-17,580.0,598.95,568.0,592.15,223046400.0
2023-08-18,598.8,602.0,571.7,600.65,252851616.0
2023-08-22,602.0,604.5,585.2,603.0,153541600.0
2023-08-23,602.0,622.0,589.0,621.3,168528480.0
2023-08-24,621.5,635.0,594.0,605.8,282924768.0
2023-08-25,611.15,625.7,598.0,621.75,111430440.0
2023-08-28,630.0,657.0,622.0,655.3,120662328.0
2023-08-29,655.3,670.25,655.3,662.85,120600976.0
2023-08-30,669.7,670.0,640.05,652.5,120324760.0
2023-08-31,660.0,660.0,610.6,619.2,218651376.0
2023-09-01,630.0,631.3,594.55,597.1,158182560.0
2023-09-04,600.0,625.0,597.1,617.55,46434412.0
2023-09-05,614.0,614.0,565.05,569.7,198972704.0
2023-09-06,574.0,575.1,539.1,545.7,262444048.0
2023-09-07,553.0,553.0,503.1,508.65,344967200.0
2023-09-08,501.0,519.6,487.5,500.9,268739680.0
2023-09-11,504.0,511.3,470.0,498.5,332084128.0
2023-09-12,498.0,535.0,490.0,533.3,455479008.0
2023-09-13,539.0,560.0,538.0,543.2,160369584.0
2023-09-14,545.0,568.0,534.75,544.65,168506448.0
2023-09-15,550.0,559.5,529.0,538.65,74307816.0
2023-09-18,545.0,546.0,525.0,544.0,161186720.0
2023-09-19,550.5,554.0,532.0,534.2,114120448.0
2023-09-20,536.6,545.25,524.8,525.95,69204400.0
2023-09-21,520.0,520.0,503.0,512.25,210641072.0
2023-09-22,511.5,524.0,510.85,511.75,84706584.0
2023-09-25,521.35,532.35,510.25,513.7,68787840.0
2023-09-26,510.0,525.0,510.0,514.0,162989520.0
2023-09-27,513.0,550.1,510.0,533.0,119277128.0
2023-09-28,551.0,570.0,537.9,569.15,100036840.0
2023-09-29,579.0,579.0,535.0,555.85,147657168.0
2023-10-02,560.0,560.0,533.5,544.2,99982888.0
2023-10-03,545.0,550.0,528.8,538.15,66124820.0
2023-10-04,540.0,583.95,533.75,580.25,130771456.0
2023-10-05,581.5,648.0,578.0,640.6,315069504.0
2023-10-06,647.0,681.0,640.0,645.15,388668480.0
2023-10-09,670.0,739.0,601.5,717.7,417045920.0
2023-10-10,710.0,797.0,710.0,747.35,220819744.0
2023-10-11,746.0,765.0,675.0,756.25,1087526016.0
2023-10-12,755.0,775.0,716.0,757.85,664871488.0
2023-10-17,772.0,831.0,770.0,825.4,482936960.0
2023-10-18,830.0,879.0,775.0,828.2,501470368.0
2023-10-19,828.0,829.0,740.0,779.95,415420608.0
2023-10-20,780.0,878.0,780.0,861.1,306673664.0
2023-10-23,815.0,815.0,710.05,732.4,349399680.0
2023-10-24,750.0,765.0,680.0,704.3,180705648.0
2023-10-25,704.3,765.0,671.0,730.4,135497472.0
2023-10-26,749.0,749.0,683.0,701.95,164920672.0
2023-10-27,700.0,700.0,640.0,650.9,77352368.0
2023-10-30,665.0,679.0,601.5,614.55,110638728.0
2023-10-31,620.0,633.0,551.1,572.45,458565440.0
2023-11-01,585.0,625.2,576.0,610.55,191873152.0
2023-11-02,625.0,650.0,620.0,631.8,142145104.0
2023-11-03,642.0,669.5,603.5,662.0,181978480.0
2023-11-07,669.9,720.4,662.0,676.8,283512000.0
2023-11-08,680.0,720.4,622.0,626.4,177162288.0
2023-11-09,629.0,684.0,600.0,662.4,192412896.0
2023-11-10,665.0,698.0,659.0,660.9,175317536.0
2023-11-13,680.0,680.0,636.0,650.2,90850504.0
2023-11-14,642.0,667.8,631.0,649.6,103725496.0
2023-11-15,655.0,685.0,641.0,645.0,77111472.0
2023-11-16,656.0,663.5,615.0,633.05,132049216.0
2023-11-17,634.0,675.0,633.05,668.05,134404848.0
2023-11-21,720.4,912.0,720.4,901.65,781833344.0
2023-11-22,901.0,1098.0,901.0,1078.25,1456715776.0
2023-11-23,1100.0,1127.0,988.0,1120.05,963003776.0
2023-11-24,1120.0,1131.0,1045.0,1060.35,728806848.0
2023-11-27,1050.0,1058.0,832.0,850.0,828882944.0
2023-11-28,870.0,905.0,794.5,796.9,467639744.0
2023-11-29,800.0,870.0,796.5,828.75,473826720.0
2023-11-30,835.0,889.0,787.0,838.7,710719488.0
2023-12-01,870.0,870.0,819.5,861.1,1117783424.0
2023-12-04,867.9,919.0,836.0,844.85,957901248.0
2023-12-05,850.0,900.0,849.0,898.35,1040543872.0
2023-12-06,925.0,930.0,840.0,878.35,1422132480.0
2023-12-07,894.0,975.0,880.0,959.05,1234876800.0
2023-12-11,978.0,1000.0,919.0,947.2,980072832.0
2023-12-12,969.0,1044.0,942.0,1020.25,1902224896.0
2023-12-13,1065.0,1150.0,983.0,1021.6,914257536.0
2023-12-14,1049.0,1049.0,1006.0,1011.45,533736448.0
2023-12-15,1020.0,1044.2,932.0,964.65,562983232.0
2023-12-18,975.0,990.0,940.4,953.75,415324992.0
2023-12-19,956.0,1000.0,928.0,934.5,454681376.0
2023-12-20,950.0,965.0,907.55,922.1,743556032.0
2023-12-21,929.0,965.0,893.0,911.0,811733504.0
2023-12-22,915.0,943.95,900.0,931.35,442006816.0
2023-12-26,935.0,943.0,892.0,898.75,406231360.0
2023-12-27,900.0,931.0,840.0,848.9,691371008.0
2023-12-28,855.0,911.0,847.0,895.95,1285240192.0
2023-12-29,910.0,932.0,862.0,920.7,583463040.0
2024-01-02,920.7,944.0,902.0,930.55,363614016.0
2024-01-03,931.0,957.55,920.0,951.05,606469248.0
2024-01-04,960.0,1004.0,952.0,995.55,564938240.0
2024-01-05,1000.0,1051.0,980.1,1036.75,569357184.0
2024-01-08,1051.0,1110.0,1040.0,1107.5,842413888.0
2024-01-09,1115.0,1130.0,1040.0,1053.0,883998976.0
2024-01-10,1050.0,1090.0,1032.0,1082.85,593786240.0
2024-01-11,1105.0,1137.0,1014.0,1044.7,735406976.0
2024-01-12,1058.0,1070.0,1028.0,1047.8,312943488.0
2024-01-15,1055.5,1100.0,1050.0,1098.9,400803968.0
2024-01-16,1099.0,1111.0,1045.0,1093.55,919857280.0
2024-01-17,1093.55,1145.0,1080.05,1134.25,627203008.0
2024-01-18,1134.25,1191.0,1105.0,1143.35,731617088.0
2024-01-19,1100.0,1193.0,1100.0,1174.85,498287872.0
2024-01-22,1180.0,1232.0,1174.65,1231.65,742151744.0
2024-01-23,1230.0,1260.0,1176.8,1191.55,461809376.0
2024-01-24,1220.0,1229.95,1160.0,1211.3,408383392.0
2024-01-25,1249.0,1249.0,1216.0,1221.45,469353024.0
2024-01-26,1230.0,1250.0,1146.85,1188.45,331328704.0
2024-01-29,1185.0,1185.0,1125.0,1164.4,292446272.0
2024-01-30,1157.0,1199.0,1145.0,1172.25,469748128.0
2024-01-31,1170.0,1199.0,1135.0,1162.65,454238464.0
2024-02-01,1198.0,1230.0,1125.0,1225.75,681963072.0
2024-02-02,1225.0,1252.0,1213.0,1228.35,401133600.0
2024-02-05,1269.0,1269.0,1129.45,1153.95,732364864.0
2024-02-06,1162.0,1167.0,1102.0,1105.85,342771552.0
2024-02-07,1062.0,1089.95,970.2,1078.1,500771552.0
2024-02-08,1060.15,1090.0,1008.0,1016.85,370078720.0
2024-02-09,1042.0,1085.95,989.0,991.95,1127811712.0
2024-02-14,955.0,1013.0,952.0,974.0,805664064.0
2024-02-15,974.0,1000.0,960.0,997.1,1043211776.0
2024-02-16,1000.0,1050.0,931.0,953.25,864171392.0
2024-02-19,970.0,1020.0,955.05,996.6,340256928.0
2024-02-20,1000.0,1018.0,940.0,949.15,743850432.0
2024-02-21,950.0,964.0,920.0,924.9,268078176.0
2024-02-22,925.0,947.5,911.0,928.25,358614368.0
2024-02-23,928.5,935.0,899.0,927.1,945911104.0
2024-02-26,922.0,927.0,900.05,905.95,395981824.0
2024-02-27,902.0,920.0,867.5,877.2,229709840.0
2024-02-28,875.0,881.0,829.0,834.8,257318848.0
2024-02-29,830.15,860.0,823.55,825.25,430857824.0
2024-03-01,845.0,856.0,828.0,850.75,560952512.0
2024-03-04,872.0,902.0,822.6,827.3,746673792.0
2024-03-05,830.0,837.0,805.0,809.7,254162640.0
2024-03-06,809.7,835.0,805.0,820.3,278938080.0
2024-03-07,825.0,837.0,802.5,813.2,273539776.0
2024-03-08,814.0,846.7,802.0,838.65,363410400.0
2024-03-11,850.0,850.0,801.0,803.75,175902272.0
2024-03-12,803.5,868.7,803.5,863.7,326684704.0
2024-03-13,870.0,898.0,838.05,853.55,1068612224.0
2024-03-14,854.0,859.15,833.0,837.4,117377400.0
2024-03-15,830.7,850.0,827.2,849.1,153578656.0
2024-03-18,852.0,897.5,848.0,897.05,257095952.0
2024-03-19,895.0,908.0,882.0,884.55,382643648.0
2024-03-20,885.5,930.0,885.0,926.3,391566304.0
2024-03-21,921.7,969.95,910.8,967.9,364840160.0
2024-03-22,970.0,977.3,950.0,972.95,477033824.0
2024-03-25,975.0,988.0,952.35,955.0,473409120.0
2024-03-26,950.0,970.0,930.0,945.85,299635680.0
2024-03-27,948.0,960.0,925.0,928.45,211890736.0
2024-04-03,945.0,978.0,940.0,967.25,380562592.0
2024-04-04,970.0,999.0,963.8,975.4,304564320.0
2024-04-05,977.0,1002.0,970.0,999.2,332443328.0
2024-04-08,1010.0,1033.0,993.35,1007.95,389902432.0
2024-04-09,1025.0,1049.0,1003.0,1019.85,509917728.0
2024-04-10,1004.95,1009.8,984.0,1005.1,249390912.0
2024-04-11,1009.0,1048.0,989.7,1011.0,263722768.0
2024-04-12,1020.0,1025.5,973.25,981.95,361466240.0
2024-04-15,988.0,1000.0,949.15,954.85,306579456.0
2024-04-16,950.0,950.0,921.0,938.0,479235552.0
2024-04-17,939.0,955.0,905.15,922.8,217309008.0
2024-04-18,925.0,943.75,923.05,930.9,268741536.0
2024-04-19,949.0,981.9,930.0,980.7,285410400.0
2024-04-22,999.5,1034.95,983.0,1019.5,402214304.0
2024-04-23,1020.0,1034.5,981.8,1000.4,408508608.0
2024-04-24,1000.0,1008.3,953.7,966.8,277764896.0
2024-04-25,970.0,1005.25,945.0,1004.85,288782944.0
2024-04-26,1005.0,1019.95,992.75,998.45,366319808.0
2024-04-29,998.5,1035.0,998.5,1024.65,283180608.0
2024-04-30,1028.0,1056.0,1027.95,1043.0,515899840.0
2024-05-02,1040.0,1105.0,1024.0,1060.55,346193664.0
2024-05-03,1070.0,1100.0,1040.0,1093.1,728111872.0
2024-05-06,1075.0,1168.35,1075.0,1149.1,994393856.0
2024-05-07,1148.0,1153.0,1105.3,1128.1,445700640.0
2024-05-08,1127.5,1173.0,1050.0,1101.55,669916736.0
2024-05-09,1124.0,1124.0,1044.75,1078.4,830829056.0
2024-05-10,1070.0,1079.95,1001.0,1061.85,234973520.0
2024-05-13,1070.0,1080.0,1015.0,1018.8,307798048.0
2024-05-14,1026.0,1060.0,1025.0,1048.3,338251552.0
2024-05-15,1050.0,1088.5,1049.95,1078.5,375293536.0
2024-05-16,1090.0,1112.2,1058.5,1084.65,301888864.0
2024-05-17,1095.0,1100.0,1020.0,1047.0,536793632.0
2024-05-20,1040.0,1091.95,1015.0,1086.6,333406048.0
2024-05-21,1090.0,1112.3,1080.0,1107.45,469124960.0
2024-05-22,1098.0,1164.0,1072.0,1161.15,1353386368.0
2024-05-23,1164.0,1171.0,1070.0,1105.45,336165632.0
2024-05-24,1108.0,1140.5,1056.0,1095.75,366435680.0
2024-05-27,1095.0,1135.0,1080.0,1131.2,245462032.0
2024-05-28,1150.0,1150.0,1090.0,1140.5,410633888.0
2024-05-29,1142.5,1143.0,1100.0,1117.15,245844096.0
2024-05-30,1125.0,1200.0,1124.0,1158.5,440767552.0
2024-05-31,1167.0,1196.95,1110.0,1171.35,457166240.0
2024-06-03,1200.0,1200.0,1131.0,1172.8,298438496.0
2024-06-04,1168.0,1168.0,1104.0,1115.75,366439232.0
2024-06-05,1115.85,1134.95,1045.0,1089.85,481338368.0
2024-06-06,1066.0,1093.0,1010.0,1053.5,396113984.0
2024-06-07,1052.0,1092.0,1035.0,1054.95,317125440.0
2024-06-10,1057.0,1094.0,1050.5,1069.35,403038496.0
2024-06-11,1076.0,1076.0,1043.0,1063.1,265421104.0
2024-06-12,1070.0,1110.5,1065.35,1079.85,393078592.0
2024-06-13,1129.0,1129.0,1060.0,1090.65,701512064.0
2024-06-14,1100.0,1100.0,1062.0,1065.95,456403232.0
2024-06-18,1050.05,1063.0,1030.0,1043.8,353868096.0
2024-06-19,1046.0,1056.0,1030.0,1047.25,281118752.0
2024-06-24,1027.5,1040.0,1000.0,1036.9,346515136.0
2024-06-25,1043.0,1069.8,1043.0,1059.95,305341184.0
2024-06-26,1060.0,1111.7,1049.0,1094.6,748148032.0
2024-06-27,1103.0,1135.0,1089.65,1133.25,520958176.0
2024-06-28,1140.0,1140.0,1100.5,1118.6,346804928.0
2024-07-01,1120.0,1129.0,1089.1,1108.8,554756096.0
2024-07-02,1118.1,1151.05,1079.0,1130.85,484180416.0
2024-07-03,1137.0,1150.0,1105.0,1132.75,383499808.0
2024-07-04,1140.0,1149.0,1125.0,1140.6,200404096.0
2024-07-05,1139.0,1144.0,1125.0,1135.0,276908992.0
2024-07-08,1130.0,1145.0,1125.0,1141.15,383196032.0
2024-07-10,1130.0,1160.0,1125.0,1160.0,568628352.0
2024-07-11,1160.0,1195.0,1155.0,1185.0,491662784.0
2024-07-12,1190.0,1205.0,1170.0,1190.0,265055648.0
2024-07-15,1170.0,1175.0,1025.0,1035.0,1216579968.0
2024-07-16,1055.0,1055.0,975.0,1035.0,387253280.0
2024-07-17,1030.0,1060.0,1015.0,1050.0,337544544.0
2024-07-18,1055.0,1070.0,1020.0,1025.0,144439824.0
2024-07-19,1050.0,1080.0,1040.0,1065.0,389593696.0
2024-07-22,1080.0,1080.0,1050.0,1060.0,199744592.0
2024-07-23,1055.0,1080.0,1045.0,1075.0,310647968.0
2024-07-24,1075.0,1075.0,1040.0,1045.0,379111840.0
2024-07-25,1045.0,1045.0,1010.0,1015.0,232621840.0
2024-07-26,1015.0,1035.0,1005.0,1020.0,268616320.0
2024-07-29,1030.0,1030.0,975.0,984.0,205930016.0
2024-07-30,987.0,987.0,936.0,940.0,162200784.0
2024-07-31,944.0,1015.0,940.0,1005.0,507757920.0
2024-08-01,994.0,1015.0,981.0,989.0,153677904.0
2024-08-02,988.0,988.0,957.0,967.0,171256480.0
2024-08-05,958.0,963.0,910.0,949.0,235953904.0
2024-08-06,960.0,973.0,950.0,967.0,225998496.0
2024-08-07,971.0,999.0,946.0,950.0,214357968.0
2024-08-08,956.0,994.0,956.0,992.0,309644320.0
2024-08-09,992.0,1045.0,977.0,1030.0,747826368.0
2024-08-12,1020.0,1025.0,995.0,1010.0,273973088.0
2024-08-13,1000.0,1025.0,980.0,1005.0,536280384.0
2024-08-14,1005.0,1015.0,945.0,994.0,471232128.0
2024-08-15,1010.0,1055.0,1005.0,1040.0,598470400.0
2024-08-16,1050.0,1055.0,1020.0,1030.0,425399616.0
2024-08-19,1030.0,1055.0,1015.0,1040.0,521510176.0
2024-08-20,1035.0,1050.0,1005.0,1025.0,706316544.0
2024-08-21,1015.0,1025.0,1000.0,1005.0,292084896.0
2024-08-22,1005.0,1010.0,970.0,972.0,339399968.0
2024-08-23,978.0,1000.0,978.0,998.0,440377536.0
2024-08-26,1010.0,1020.0,986.0,994.0,246552512.0
2024-08-27,980.0,996.0,975.0,993.0,215368400.0
2024-08-28,994.0,1000.0,982.0,997.0,137859840.0
2024-08-29,995.0,1025.0,992.0,1015.0,239686000.0
2024-08-30,1030.0,1070.0,1015.0,1035.0,347251776.0
2024-09-02,1030.0,1095.0,1015.0,1080.0,414381952.0
2024-09-03,1050.0,1070.0,1030.0,1045.0,367995648.0
2024-09-04,1045.0,1100.0,1040.0,1095.0,813956224.0
2024-09-05,1110.0,1145.0,1095.0,1100.0,1406693504.0
2024-09-06,1115.0,1130.0,1045.0,1050.0,634789248.0
2024-09-09,1050.0,1085.0,1040.0,1050.0,496381856.0
2024-09-10,1050.0,1060.0,1025.0,1055.0,397027296.0
2024-09-11,1045.0,1120.0,1035.0,1105.0,814984320.0
2024-09-12,1110.0,1155.0,1100.0,1140.0,719981696.0
2024-09-13,1145.0,1160.0,1120.0,1135.0,313346304.0
2024-09-16,1140.0,1170.0,1140.0,1145.0,638741056.0
2024-09-17,1125.0,1150.0,1125.0,1135.0,296123808.0
2024-09-18,1130.0,1150.0,1090.0,1115.0,255527152.0
2024-09-19,1125.0,1140.0,1110.0,1120.0,572450880.0
2024-09-20,1115.0,1120.0,1080.0,1090.0,305009056.0
2024-09-23,1100.0,1115.0,1085.0,1105.0,365715680.0
2024-09-24,1125.0,1140.0,1100.0,1110.0,422273760.0
2024-09-25,1115.0,1145.0,1100.0,1105.0,595340352.0
2024-09-26,1110.0,1150.0,1095.0,1110.0,273272832.0
2024-09-27,1120.0,1145.0,1090.0,1115.0,761139904.0
2024-09-30,1120.0,1120.0,1060.0,1075.0,445788800.0
2024-10-01,1090.0,1105.0,1060.0,1100.0,276394496.0
2024-10-02,1115.0,1130.0,1080.0,1090.0,318107360.0
2024-10-03,1090.0,1115.0,1080.0,1105.0,255343440.0
2024-10-04,1100.0,1120.0,1090.0,1100.0,110132072.0
2024-10-07,1120.0,1120.0,1070.0,1075.0,170022592.0
2024-10-08,1075.0,1120.0,1060.0,1110.0,504578400.0
2024-10-09,1100.0,1130.0,1080.0,1110.0,894697536.0
2024-10-10,1110.0,1155.0,1110.0,1140.0,606860352.0
2024-10-14,1140.0,1140.0,1105.0,1130.0,302242912.0
2024-10-15,1120.0,1120.0,1090.0,1105.0,190568176.0
2024-10-16,1110.0,1120.0,1055.0,1065.0,731527808.0
2024-10-17,1065.0,1090.0,1065.0,1080.0,194952608.0
2024-10-18,1090.0,1105.0,1055.0,1070.0,269985216.0
2024-10-21,1075.0,1075.0,1050.0,1060.0,175238256.0
2024-10-22,1070.0,1085.0,1040.0,1050.0,276026784.0
2024-10-23,1070.0,1070.0,1030.0,1060.0,287416544.0
2024-10-24,1070.0,1105.0,1050.0,1105.0,579757696.0
2024-10-25,1100.0,1145.0,1095.0,1115.0,829773312.0
2024-10-28,1115.0,1145.0,1080.0,1090.0,392562464.0
2024-10-29,1115.0,1140.0,1100.0,1125.0,985817536.0
2024-10-30,1130.0,1160.0,1110.0,1130.0,590617024.0
2024-10-31,1125.0,1135.0,1095.0,1115.0,381996864.0
2024-11-01,1115.0,1170.0,1115.0,1150.0,400928384.0
2024-11-04,1145.0,1185.0,1100.0,1175.0,894168832.0
2024-11-05,1120.0,1155.0,1090.0,1150.0,783191232.0
2024-11-06,1160.0,1220.0,1130.0,1200.0,2024215680.0
2024-11-07,1210.0,1240.0,1170.0,1185.0,2801124864.0
2024-11-08,1200.0,1225.0,1135.0,1170.0,913011456.0
2024-11-11,1200.0,1200.0,1140.0,1160.0,673126656.0
2024-11-12,1160.0,1190.0,1140.0,1180.0,793018496.0
2024-11-13,1200.0,1235.0,1180.0,1230.0,1060136704.0
2024-11-14,1240.0,1260.0,1215.0,1250.0,1250903040.0
2024-11-15,1260.0,1300.0,1195.0,1220.0,1877939584.0
2024-11-19,1230.0,1300.0,1220.0,1275.0,685870400.0
2024-11-20,1300.0,1300.0,1240.0,1270.0,652649920.0
2024-11-21,1260.0,1275.0,1230.0,1240.0,821301632.0
2024-11-22,1240.0,1290.0,1200.0,1265.0,826593216.0
2024-11-25,1265.0,1340.0,1265.0,1330.0,1585856128.0
2024-11-26,1320.0,1430.0,1320.0,1360.0,1725534848.0
2024-11-27,1360.0,1415.0,1275.0,1300.0,774022400.0
2024-11-28,1300.0,1390.0,1280.0,1365.0,536804192.0
2024-11-29,1350.0,1400.0,1325.0,1370.0,1068142528.0
2024-12-02,1395.0,1405.0,1345.0,1390.0,1639984000.0
2024-12-03,1380.0,1485.0,1355.0,1475.0,2580769536.0
2024-12-04,1475.0,1560.0,1430.0,1440.0,2048767616.0
2024-12-05,1440.0,1480.0,1415.0,1450.0,1100230784.0
2024-12-06,1455.0,1490.0,1425.0,1460.0,2152552704.0
2024-12-09,1450.0,1510.0,1450.0,1495.0,1410061056.0
2024-12-10,1480.0,1490.0,1435.0,1460.0,1207050112.0
2024-12-11,1455.0,1500.0,1415.0,1495.0,909024576.0
2024-12-12,1510.0,1525.0,1465.0,1475.0,1734910464.0
2024-12-13,1475.0,1495.0,1460.0,1490.0,1375709440.0
2024-12-16,1495.0,1555.0,1490.0,1550.0,952891008.0
2024-12-17,1555.0,1580.0,1530.0,1555.0,1644158976.0
2024-12-18,1565.0,1600.0,1485.0,1490.0,818726592.0
2024-12-19,1510.0,1530.0,1435.0,1440.0,1354186624.0
2024-12-20,1440.0,1470.0,1305.0,1450.0,800173760.0
2024-12-23,1450.0,1480.0,1435.0,1460.0,674258368.0
2024-12-24,1465.0,1480.0,1440.0,1470.0,129101112.0
2024-12-26,1480.0,1580.0,1450.0,1550.0,1322742784.0
2024-12-27,1550.0,1565.0,1495.0,1545.0,745681088.0
2024-12-30,1530.0,1540.0,1475.0,1495.0,968977280.0
2025-01-02,1500.0,1585.0,1460.0,1560.0,1016985280.0
2025-01-03,1560.0,1600.0,1510.0,1595.0,754672128.0
2025-01-06,1600.0,1670.0,1560.0,1625.0,1003836416.0
2025-01-07,1630.0,1670.0,1580.0,1650.0,1789788544.0
2025-01-08,1620.0,1650.0,1550.0,1595.0,1958744960.0
2025-01-09,1595.0,1600.0,1565.0,1595.0,760418880.0
2025-01-10,1595.0,1610.0,1530.0,1595.0,1168388352.0
2025-01-13,1600.0,1600.0,1520.0,1540.0,961369216.0
2025-01-14,1540.0,1630.0,1515.0,1570.0,831917760.0
2025-01-15,1590.0,1610.0,1495.0,1530.0,2496618240.0
2025-01-16,1535.0,1535.0,1445.0,1455.0,1227529856.0
2025-01-17,1440.0,1500.0,1420.0,1425.0,1093140352.0
2025-01-20,1425.0,1440.0,1380.0,1435.0,226866224.0
2025-01-21,1460.0,1510.0,1435.0,1500.0,807701440.0
2025-01-22,1515.0,1535.0,1485.0,1515.0,462978912.0
2025-01-23,1480.0,1525.0,1480.0,1500.0,536315584.0
2025-01-24,1545.0,1665.0,1450.0,1565.0,1312006656.0
2025-01-27,1555.0,1565.0,1465.0,1500.0,1223661440.0
2025-01-28,1500.0,1520.0,1440.0,1480.0,616766080.0
2025-01-29,1485.0,1525.0,1445.0,1520.0,400711616.0
2025-01-30,1530.0,1560.0,1500.0,1530.0,441540896.0
2025-01-31,1530.0,1570.0,1505.0,1515.0,469710080.0
2025-02-03,1515.0,1515.0,1415.0,1465.0,332665568.0
2025-02-04,1480.0,1545.0,1480.0,1535.0,480428288.0
2025-02-05,1540.0,1550.0,1465.0,1475.0,453687296.0
2025-02-06,1485.0,1500.0,1460.0,1480.0,396091616.0
2025-02-07,1495.0,1515.0,1415.0,1425.0,705888256.0
2025-02-10,1425.0,1470.0,1405.0,1410.0,271459296.0
2025-02-11,1420.0,1425.0,1325.0,1345.0,793622272.0
2025-02-12,1345.0,1370.0,1295.0,1360.0,781906112.0
2025-02-13,1360.0,1380.0,1335.0,1360.0,480416480.0
2025-02-14,1365.0,1390.0,1350.0,1375.0,378991520.0
2025-02-17,1340.0,1345.0,1270.0,1285.0,559194496.0
2025-02-18,1295.0,1350.0,1295.0,1330.0,770278656.0
2025-02-19,1330.0,1370.0,1315.0,1350.0,544497856.0
2025-02-20,1350.0,1370.0,1310.0,1325.0,398585152.0
2025-02-21,1350.0,1360.0,1300.0,1325.0,487813504.0
2025-02-24,1335.0,1365.0,1305.0,1320.0,238255904.0
2025-02-25,1315.0,1330.0,1250.0,1285.0,425274496.0
2025-02-26,1285.0,1310.0,1250.0,1275.0,586667712.0
2025-02-27,1285.0,1310.0,1250.0,1270.0,780327168.0
2025-02-28,1285.0,1310.0,1235.0,1285.0,727451008.0
2025-03-05,1285.0,1320.0,1255.0,1280.0,1283248640.0
2025-03-06,1280.0,1290.0,1230.0,1250.0,1013754368.0
2025-03-07,1245.0,1285.0,1235.0,1280.0,554622592.0
2025-03-10,1300.0,1310.0,1210.0,1255.0,866963136.0
2025-03-11,1255.0,1280.0,1220.0,1250.0,596054016.0
2025-03-12,1250.0,1295.0,1240.0,1275.0,560562304.0
2025-03-13,1285.0,1305.0,1280.0,1285.0,870123712.0
2025-03-14,1310.0,1350.0,1295.0,1345.0,437968864.0
2025-03-17,1340.0,1375.0,1330.0,1360.0,464741632.0
2025-03-18,1365.0,1380.0,1335.0,1365.0,670669504.0
2025-03-19,1385.0,1415.0,1370.0,1400.0,309219968.0
2025-03-20,1415.0,1415.0,1380.0,1405.0,238221776.0
2025-03-21,1415.0,1435.0,1390.0,1430.0,365941408.0
2025-03-25,1435.0,1490.0,1435.0,1480.0,552660224.0
2025-03-26,1490.0,1490.0,1445.0,1470.0,445889792.0
2025-03-27,1485.0,1540.0,1470.0,1490.0,453280800.0
2025-03-28,1490.0,1520.0,1475.0,1495.0,619223424.0
2025-03-31,1450.0,1480.0,1435.0,1455.0,460534912.0
2025-04-01,1465.0,1490.0,1440.0,1475.0,575081472.0
2025-04-03,1450.0,1490.0,1445.0,1485.0,1153917440.0
2025-04-04,1430.0,1430.0,1340.0,1405.0,511160800.0
2025-04-07,1350.0,1430.0,1335.0,1350.0,863777408.0
2025-04-08,1360.0,1395.0,1280.0,1290.0,577866624.0
2025-04-09,1300.0,1375.0,1215.0,1335.0,380681824.0
2025-04-10,1390.0,1390.0,1270.0,1335.0,524596256.0
2025-04-11,1345.0,1460.0,1345.0,1415.0,361799328.0
2025-04-14,1515.0,1520.0,1375.0,1445.0,436415552.0
2025-04-15,1475.0,1475.0,1400.0,1440.0,608369920.0
2025-04-16,1450.0,1455.0,1390.0,1410.0,570541184.0
2025-04-21,1400.0,1400.0,1275.0,1310.0,351718848.0
2025-04-22,1310.0,1415.0,1310.0,1405.0,371205920.0
2025-04-23,1420.0,1450.0,1375.0,1385.0,711828160.0
2025-04-24,1380.0,1425.0,1360.0,1390.0,613147328.0
2025-04-25,1390.0,1425.0,1375.0,1395.0,646977920.0
2025-04-28,1400.0,1400.0,1310.0,1335.0,290197504.0
2025-04-29,1310.0,1345.0,1310.0,1325.0,274570784.0
2025-04-30,1320.0,1330.0,1280.0,1305.0,403879264.0
2025-05-05,1260.0,1300.0,1260.0,1285.0,204602736.0
2025-05-06,1285.0,1315.0,1270.0,1305.0,370683872.0
2025-05-07,1305.0,1305.0,1250.0,1260.0,578444224.0
2025-05-08,1255.0,1290.0,1240.0,1265.0,148029504.0
2025-05-09,1285.0,1330.0,1265.0,1315.0,193511344.0
2025-05-12,1310.0,1350.0,1265.0,1335.0,389173408.0
2025-05-13,1350.0,1365.0,1300.0,1350.0,456195552.0
2025-05-14,1375.0,1375.0,1295.0,1345.0,1019520960.0
2025-05-15,1340.0,1350.0,1295.0,1345.0,485157440.0
2025-05-16,1365.0,1365.0,1315.0,1335.0,380082400.0
2025-05-19,1350.0,1390.0,1330.0,1375.0,593755648.0
2025-05-20,1380.0,1390.0,1340.0,1375.0,668056384.0
2025-05-21,1390.0,1420.0,1350.0,1360.0,586832640.0
2025-05-22,1340.0,1390.0,1340.0,1355.0,361628160.0
2025-05-23,1345.0,1410.0,1340.0,1395.0,528003584.0
2025-05-26,1400.0,1430.0,1385.0,1400.0,176984080.0
2025-05-27,1400.0,1450.0,1400.0,1440.0,579987648.0
2025-05-28,1415.0,1475.0,1390.0,1460.0,312354144.0
2025-05-29,1455.0,1490.0,1440.0,1450.0,346488160.0
2025-05-30,1455.0,1505.0,1430.0,1435.0,490055424.0
2025-06-02,1420.0,1470.0,1420.0,1450.0,222978208.0
2025-06-03,1435.0,1455.0,1425.0,1430.0,189919440.0
2025-06-04,1440.0,1455.0,1415.0,1430.0,481940320.0
2025-06-05,1410.0,1440.0,1340.0,1350.0,371957760.0
2025-06-06,1360.0,1370.0,1320.0,1340.0,317417120.0
2025-06-09,1330.0,1340.0,1300.0,1320.0,281961248.0
2025-06-10,1320.0,1365.0,1305.0,1350.0,589580224.0
2025-06-11,1345.0,1350.0,1290.0,1295.0,313319392.0
2025-06-12,1300.0,1340.0,1295.0,1310.0,444511456.0
2025-06-13,1300.0,1320.0,1240.0,1255.0,447919104.0
2025-06-17,1300.0,1315.0,1240.0,1295.0,1484519296.0
2025-06-18,1305.0,1305.0,1265.0,1275.0,259233424.0
2025-06-19,1285.0,1295.0,1255.0,1295.0,78166904.0
2025-06-23,1275.0,1275.0,1230.0,1260.0,319835904.0
2025-06-24,1265.0,1310.0,1265.0,1285.0,598676992.0
2025-06-25,1295.0,1295.0,1255.0,1290.0,216307024.0
2025-06-26,1270.0,1310.0,1270.0,1290.0,171433232.0
2025-06-27,1285.0,1320.0,1275.0,1295.0,680386432.0
2025-06-30,1300.0,1340.0,1280.0,1300.0,633993024.0
2025-07-01,1295.0,1345.0,1285.0,1340.0,392710016.0
2025-07-02,1340.0,1365.0,1340.0,1350.0,209783168.0
2025-07-03,1350.0,1380.0,1345.0,1350.0,754957824.0
2025-07-04,1350.0,1370.0,1340.0,1365.0,152249744.0
2025-07-07,1375.0,1385.0,1345.0,1375.0,505578464.0
2025-07-08,1380.0,1390.0,1360.0,1380.0,117032896.0
2025-07-10,1390.0,1390.0,1350.0,1365.0,234260384.0
2025-07-11,1375.0,1375.0,1325.0,1330.0,634058176.0
2025-07-14,1320.0,1365.0,1305.0,1355.0,444736576.0
2025-07-15,1380.0,1410.0,1345.0,1395.0,767662400.0
2025-07-16,1385.0,1405.0,1345.0,1395.0,585369792.0
2025-07-17,1395.0,1420.0,1375.0,1415.0,298922496.0
2025-07-18,1420.0,1445.0,1405.0,1410.0,415186432.0
2025-07-21,1425.0,1435.0,1375.0,1375.0,136231920.0
2025-07-22,1390.0,1390.0,1340.0,1370.0,615439872.0
2025-07-23,1380.0,1425.0,1380.0,1415.0,159500656.0
2025-07-24,1430.0,1445.0,1385.0,1435.0,325277024.0
2025-07-25,1435.0,1500.0,1435.0,1475.0,652034688.0
2025-07-28,1475.0,1540.0,1475.0,1505.0,538683200.0
2025-07-29,1500.0,1560.0,1480.0,1550.0,536464576.0
2025-07-30,1550.0,1565.0,1510.0,1515.0,247676368.0
2025-07-31,1540.0,1550.0,1495.0,1515.0,825594368.0
2025-08-01,1520.0,1530.0,1470.0,1485.0,172161728.0
2025-08-04,1480.0,1530.0,1470.0,1505.0,414081248.0
2025-08-05,1515.0,1550.0,1495.0,1535.0,601698176.0
2025-08-06,1545.0,1585.0,1525.0,1550.0,677379456.0
2025-08-07,1555.0,1580.0,1470.0,1485.0,561030336.0
2025-08-08,1500.0,1500.0,1415.0,1465.0,713035520.0
2025-08-11,1465.0,1510.0,1455.0,1490.0,840708800.0
2025-08-12,1500.0,1530.0,1475.0,1500.0,282545088.0
2025-08-13,1450.0,1510.0,1450.0,1475.0,113669504.0
2025-08-14,1475.0,1485.0,1405.0,1410.0,553487168.0
2025-08-18,1420.0,1465.0,1400.0,1430.0,186114336.0
2025-08-19,1435.0,1455.0,1375.0,1385.0,1746434560.0
2025-08-20,1395.0,1415.0,1380.0,1385.0,193240192.0
2025-08-21,1395.0,1430.0,1380.0,1425.0,152597872.0
2025-08-22,1435.0,1480.0,1420.0,1465.0,270896928.0
2025-08-25,1450.0,1465.0,1405.0,1425.0,418903136.0
2025-08-26,1420.0,1450.0,1410.0,1425.0,483376544.0
2025-08-27,1445.0,1445.0,1380.0,1395.0,870102080.0
2025-08-28,1385.0,1415.0,1385.0,1395.0,780084352.0
2025-08-29,1400.0,1410.0,1350.0,1355.0,827724864.0
2025-09-01,1355.0,1370.0,1305.0,1325.0,242934656.0
2025-09-02,1335.0,1370.0,1270.0,1350.0,2956632832.0
2025-09-03,1340.0,1375.0,1300.0,1305.0,486691424.0
2025-09-04,1300.0,1360.0,1265.0,1325.0,883313920.0
2025-09-05,1325.0,1355.0,1300.0,1335.0,668558080.0
2025-09-08,1270.0,1300.0,1217.0,1271.0,901812096.0
2025-09-09,1267.0,1301.0,1237.0,1239.0,482328608.0
2025-09-10,1270.0,1280.0,1228.0,1278.0,384510304.0
2025-09-11,1285.0,1330.0,1255.0,1273.0,480988544.0
2025-09-12,1275.0,1285.0,1234.0,1254.0,417372992.0
2025-09-15,1250.0,1292.0,1235.0,1281.0,299413984.0
2025-09-16,1300.0,1316.0,1269.0,1299.0,401048896.0
2025-09-17,1293.0,1383.0,1281.0,1368.0,428118368.0
2025-09-18,1375.0,1384.0,1319.0,1364.0,812782592.0
2025-09-19,1365.0,1387.0,1334.0,1380.0,346275808.0
2025-09-22,1425.0,1477.0,1330.0,1366.0,772121600.0
2025-09-23,1430.0,1439.0,1294.0,1329.0,261126976.0
2025-09-24,1370.0,1370.0,1312.0,1331.0,328380512.0
2025-09-25,1326.0,1329.0,1295.0,1318.0,269439456.0
2025-09-26,1317.0,1375.0,1297.0,1343.0,292331392.0
2025-09-29,1344.0,1388.0,1327.0,1377.0,309343456.0
2025-09-30,1399.0,1420.0,1354.0,1413.0,251836976.0
2025-10-01,1415.0,1459.0,1404.0,1431.0,380600576.0
2025-10-02,1450.0,1470.0,1370.0,1463.0,442015072.0
2025-10-03,1470.0,1495.0,1428.0,1434.0,140628048.0
2025-10-06,1445.0,1445.0,1395.0,1403.0,250252896.0
2025-10-07,1420.0,1449.0,1386.0,1445.0,215653248.0
2025-10-08,1434.0,1470.0,1434.0,1462.0,292669728.0
2025-10-09,1462.0,1555.0,1460.0,1475.0,580364160.0
2025-10-13,1450.0,1520.0,1340.0,1441.0,552493952.0
2025-10-14,1500.0,1500.0,1380.0,1408.0,402335840.0
2025-10-15,1420.0,1480.0,1398.0,1415.0,361678176.0
2025-10-16,1415.0,1430.0,1387.0,1420.0,739301440.0
2025-10-17,1450.0,1490.0,1412.0,1480.0,166264032.0
2025-10-20,1450.0,1535.0,1450.0,1491.0,292653696.0
2025-10-21,1495.0,1543.0,1470.0,1497.0,645630976.0
2025-10-22,1497.0,1503.0,1443.0,1485.0,194986560.0
2025-10-23,1491.0,1504.0,1397.0,1464.0,1004179072.0
2025-10-24,1480.0,1489.0,1444.0,1463.0,533784768.0
2025-10-27,1579.0,1769.0,1550.0,1733.0,1834416000.0
2025-10-28,1745.0,1860.0,1710.0,1805.0,1433541376.0
2025-10-29,1810.0,1874.0,1791.0,1806.0,1021433600.0
2025-10-30,1810.0,1828.0,1739.0,1750.0,367492896.0
2025-10-31,1800.0,1884.0,1761.0,1867.0,1052360384.0
2025-11-03,1866.0,1985.0,1849.0,1902.0,1551273472.0
2025-11-04,1774.0,1883.0,1630.0,1839.0,2548206848.0
2025-11-05,1836.0,1884.0,1671.0,1767.0,600991936.0
2025-11-06,1780.0,1784.0,1673.0,1687.0,266714528.0
2025-11-07,1720.0,1720.0,1610.0,1666.0,401202848.0
2025-11-10,1700.0,1745.0,1680.0,1720.0,580501824.0
2025-11-11,1710.0,1891.0,1702.0,1773.0,926059648.0
2025-11-12,1825.0,1825.0,1701.0,1758.0,575325760.0
2025-11-13,1780.0,1820.0,1700.0,1724.0,685103040.0
2025-11-14,1780.0,1837.0,1720.0,1758.0,1196657920.0
2025-11-17,1800.0,1825.0,1735.0,1759.0,806572480.0
2025-11-18,1740.0,1784.0,1683.0,1775.0,291915808.0
2025-11-19,1767.0,1812.0,1728.0,1752.0,297548736.0
2025-11-20,1761.0,1800.0,1705.0,1734.0,310469920.0
2025-11-21,1755.0,1755.0,1641.0,1674.0,72247928.0
2025-11-25,1660.0,1747.0,1645.0,1745.0,651403456.0
2025-11-26,1753.0,1820.0,1655.0,1812.0,467609984.0
2025-11-27,1820.0,1855.0,1760.0,1849.0,276055168.0
2025-11-28,1862.0,1867.0,1786.0,1815.0,946357632.0
2025-12-01,1815.0,1815.0,1760.0,1769.0,574504896.0
2025-12-02,1770.0,1784.0,1711.0,1727.0,1351071488.0
2025-12-03,1780.0,1792.0,1706.0,1785.0,1206567936.0
2025-12-04,1785.0,1821.0,1751.0,1759.0,790733952.0
2025-12-05,1755.0,1814.0,1731.0,1738.0,453360384.0
2025-12-09,1745.0,1810.0,1695.0,1699.0,557278208.0
2025-12-10,1759.0,1769.0,1695.0,1737.0,328860416.0
2025-12-11,1750.0,1789.0,1711.0,1758.0,393732512.0
2025-12-12,1760.0,1809.0,1729.0,1800.0,697534528.0
2025-12-15,1806.0,1839.0,1776.0,1798.0,353215520.0
2025-12-16,1830.0,1839.0,1729.0,1757.0,605018240.0
2025-12-17,1755.0,1800.0,1751.0,1800.0,602814016.0
2025-12-18,1806.0,1845.0,1781.0,1831.0,887844032.0
2025-12-19,1850.0,1850.0,1810.0,1820.0,441990144.0
2025-12-22,1819.0,1860.0,1785.0,1800.0,591495360.0
2025-12-23,1825.0,1860.0,1785.0,1791.0,556018240.0
2025-12-24,1750.0,1857.0,1750.0,1793.0,55881548.0
2025-12-26,1760.0,1825.0,1760.0,1810.0,519489312.0
2025-12-29,1801.0,1895.0,1775.0,1878.0,1376557568.0
2025-12-30,1900.0,1970.0,1832.0,1918.0,1261723520.0
2026-01-02,1950.0,2000.0,1908.0,1936.0,668184896.0
2026-01-05,1940.0,1940.0,1850.0,1893.0,1151802112.0
2026-01-06,1875.0,1952.0,1875.0,1881.0,559851712.0
2026-01-07,1900.0,1900.0,1800.0,1819.0,771190336.0
2026-01-08,1819.0,1897.0,1782.0,1890.0,998623168.0
2026-01-09,1899.0,1960.0,1882.0,1905.0,987624128.0
2026-01-12,1908.0,1953.0,1886.0,1951.0,1171768192.0
2026-01-13,1953.0,1955.0,1908.0,1930.0,534852512.0
2026-01-14,1950.0,1975.0,1902.0,1919.0,509981120.0
2026-01-15,1920.0,1970.0,1861.0,1877.0,550499264.0
2026-01-16,1865.0,1933.0,1852.0,1885.0,506781824.0
2026-01-19,1885.0,1910.0,1805.0,1862.0,131167328.0
2026-01-20,1864.0,1905.0,1827.0,1879.0,692613312.0
2026-01-21,1905.0,1934.0,1862.0,1899.0,514417888.0
2026-01-22,1920.0,1950.0,1880.0,1926.0,334660480.0
2026-01-23,1931.0,1960.0,1901.0,1912.0,458227904.0
2026-01-26,1915.0,1981.0,1884.0,1930.0,909147648.0
2026-01-27,1938.0,2132.0,1900.0,2120.0,1701669632.0
2026-01-28,2125.0,2210.0,2015.0,2062.0,669350784.0
2026-01-29,2052.0,2091.0,2020.0,2056.0,691102336.0
2026-01-30,2030.0,2077.0,1985.0,2034.0,742279296.0
2026-02-02,2041.0,2096.0,1980.0,1996.0,503872128.0
2026-02-03,1975.0,2050.0,1917.0,1950.0,801679360.0
2026-02-04,1950.0,2029.0,1850.0,1952.0,842683136.0
2026-02-05,1957.0,2000.0,1882.0,1910.0,331408288.0
2026-02-06,1980.0,2000.0,1898.0,1935.0,618088384.0
2026-02-09,1990.0,1999.0,1842.0,1873.0,629902848.0
2026-02-10,1886.0,1915.0,1836.0,1911.0,871924416.0
2026-02-11,1919.0,1942.0,1878.0,1883.0,441579456.0
2026-02-12,1885.0,1898.0,1755.0,1757.0,574351040.0
2026-02-13,1750.0,1834.0,1736.0,1743.0,236860128.0
2026-02-18,1736.0,1736.0,1641.0,1650.0,479008192.0
2026-02-19,1650.0,1709.0,1610.0,1692.0,247221296.0
2026-02-20,1693.0,1776.0,1678.0,1765.0,1401964288.0
2026-02-23,1770.0,1791.0,1668.0,1695.0,521390144.0
2026-02-24,1695.0,1729.0,1663.0,1715.0,157840480.0
2026-02-25,1701.0,1718.0,1668.0,1702.0,230791920.0
2026-02-26,1706.0,1733.0,1664.0,1695.0,340920512.0
2026-02-27,1715.0,1718.0,1637.0,1643.0,214870656.0
2026-03-02,1700.0,1714.0,1623.0,1653.0,775778944.0
2026-03-03,1653.0,1674.0,1594.0,1624.0,2150025728.0
2026-03-04,1620.0,1653.0,1582.0,1618.0,258622592.0
2026-03-05,1620.0,1639.0,1552.0,1567.0,444990400.0
2026-03-06,1570.0,1637.0,1556.0,1595.0,218490928.0
2026-03-09,1580.0,1675.0,1580.0,1632.0,1400451328.0
2026-03-10,1660.0,1706.0,1600.0,1655.0,1668707584.0
2026-03-11,1707.0,1724.0,1653.0,1714.0,595469248.0
2026-03-12,1710.0,1750.0,1690.0,1733.0,544344640.0
2026-03-13,1738.0,1768.0,1695.0,1722.0,979659776.0
2026-03-16,1730.0,1746.0,1665.0,1670.0,1199774336.0
2026-03-17,1672.0,1738.0,1662.0,1683.0,264333152.0
2026-03-18,1704.0,1738.0,1685.0,1704.0,619497280.0
2026-03-19,1703.0,1785.0,1690.0,1779.0,1984836736.0
2026-03-20,1780.0,1815.0,1733.0,1751.0,444670496.0
2026-03-23,1746.0,1843.0,1714.0,1820.0,157849680.0
2026-03-25,1849.0,1862.0,1802.0,1827.0,749900864.0
2026-03-26,1820.0,1848.0,1745.0,1763.0,554590464.0
2026-03-27,1779.0,1815.0,1735.0,1781.0,824097728.0
2026-03-30,1791.0,1844.0,1780.0,1820.0,748651840.0
2026-03-31,1845.0,1890.0,1812.0,1872.0,933401024.0
2026-04-01,1871.0,1885.0,1807.0,1866.0,741891456.0
2026-04-06,1871.0,1882.0,1841.0,1851.0,1073172032.0
2026-04-07,1869.0,1869.0,1791.0,1817.0,589410624.0
2026-04-08,1812.0,1863.0,1812.0,1846.0,791378752.0
2026-04-09,1850.0,1859.0,1782.0,1786.0,454129408.0
2026-04-10,1756.0,1837.0,1756.0,1777.0,622756864.0
2026-04-13,1775.0,1792.0,1740.0,1773.0,492917824.0
2026-04-14,1770.0,1794.0,1712.0,1718.0,892786432.0
2026-04-15,1720.0,1729.0,1667.0,1672.0,569236032.0
2026-04-16,1679.0,1698.0,1650.0,1690.0,517994368.0
2026-04-17,1710.0,1710.0,1666.0,1694.0,350440896.0
2026-04-20,1697.0,1749.0,1683.0,1706.0,464541888.0
2026-04-21,1710.0,1735.0,1690.0,1695.0,858438784.0
2026-04-22,1720.0,1720.0,1637.0,1655.0,415896320.0
2026-04-23,1655.0,1674.0,1618.0,1619.0,282297376.0
2026-04-24,1635.0,1674.0,1601.0,1661.0,319138080.0
2026-04-27,1662.0,1739.0,1662.0,1711.0,691459904.0
2026-04-28,1726.0,1729.0,1686.0,1702.0,462192384.0
2026-04-29,1703.0,1723.0,1671.0,1679.0,744920576.0
2026-04-30,1680.0,1709.0,1651.0,1694.0,433600992.0
2026-05-04,1696.0,1696.0,1634.0,1655.0,621973696.0
2026-05-05,1662.0,1691.0,1650.0,1657.0,408796832.0
2026-05-06,1661.0,1720.0,1642.0,1708.0,415478272.0
2026-05-07,1719.0,1719.0,1651.0,1664.0,272008096.0
2026-05-08,1665.0,1689.0,1645.0,1654.0,137200592.0
2026-05-11,1660.0,1680.0,1616.0,1656.0,384348832.0
2026-05-12,1660.0,1661.0,1596.0,1600.0,261544288.0
2026-05-13,1606.0,1606.0,1533.0,1575.0,481039264.0
2026-05-14,1594.0,1594.0,1561.0,1584.0,392341888.0
2026-05-15,1573.0,1599.0,1541.0,1567.0,394479040.0
2026-05-18,1580.0,1632.0,1573.0,1623.0,554753344.0
2026-05-19,1627.0,1627.0,1560.0,1564.0,205155712.0
2026-05-20,1560.0,1613.0,1557.0,1611.0,257587584.0
2026-05-21,1570.0,1647.0,1566.0,1642.0,778216832.0
2026-05-22,1650.0,1659.0,1622.0,1646.0,409863072.0
2026-05-26,1660.0,1693.0,1643.0,1681.0,319805664.0
2026-05-27,1688.0,1760.0,1647.0,1752.0,556243008.0
2026-05-28,1745.0,1797.0,1700.0,1769.0,465446528.0
2026-05-29,1765.0,1794.0,1739.0,1770.0,311167104.0
2026-06-01,1784.0,1850.0,1741.0,1809.0,878138944.0
2026-06-02,1844.0,1844.0,1743.0,1748.0,461665312.0
2026-06-03,1750.0,1757.0,1698.0,1701.0,323507488.0
2026-06-04,1691.0,1750.0,1691.0,1713.0,274586688.0
2026-06-05,1720.0,1736.0,1646.0,1656.0,213242240.0
2026-06-08,1665.0,1727.0,1661.0,1703.0,359432768.0
2026-06-09,1701.0,1750.0,1678.0,1729.0,266930304.0
2026-06-10,1733.0,1800.0,1709.0,1761.0,658419776.0
2026-06-11,1783.0,1903.0,1760.0,1890.0,1245396864.0
2026-06-12,1893.0,1919.0,1827.0,1844.0,428436320.0
2026-06-16,1859.0,1880.0,1797.0,1804.0,396721440.0
2026-06-17,1800.0,1830.0,1750.0,1755.0,393668480.0
2026-06-18,1755.0,1794.0,1740.0,1747.0,632197696.0
2026-06-19,1755.0,1816.0,1721.0,1804.0,142628816.0
2026-06-22,1793.0,1800.0,1730.0,1761.0,265105248.0
2026-06-23,1721.0,1776.0,1720.0,1776.0,458908832.0
2026-06-24,1769.0,1784.0,1721.0,1746.0,552774720.0
2026-06-25,1745.0,1758.0,1692.0,1704.0,491202848.0
2026-06-26,1694.0,1758.0,1693.0,1728.0,393822016.0
2026-06-29,1779.0,1779.0,1716.0,1739.0,407751111.0
2026-06-30,1750.0,1764.0,1732.0,1756.0,147373344.0
2026-07-01,1775.0,1775.0,1684.0,1711.0,249828151.0
2026-07-02,1700.0,1777.0,1700.0,1736.0,451285504.0
2026-07-03,1754.0,1769.0,1742.0,1765.0,78645745.0
2026-07-06,1764.0,1775.0,1715.0,1751.0,669018303.0
2026-07-07,1750.0,1770.0,1680.0,1686.0,477019840.0
2026-07-08,1687.0,1695.0,1661.0,1668.0,307401145.0
2026-07-10,1668.0,1707.0,1664.0,1704.0,192184001.0
2026-07-13,1708.0,1723.0,1677.0,1682.0,265335540.0
2026-07-14,1710.0,1717.0,1676.0,1698.0,156930848.0
2026-07-15,1719.0,1746.0,1694.0,1723.0,316498997.0
2026-07-16,1735.0,1735.0,1701.0,1710.0,291562816.0
2026-07-17,1722.0,1722.0,1665.0,1701.0,222532668.0
2026-07-20,1700.0,1700.0,1665.0,1698.0,597696206.0
